LOG_NODE,COMMIT_ALG,READ_PERC,PERC_REMOTE,ZIPF_THETA,CC_ALG,NUM_SERVER_THREADS,LOG_TIMEOUT,prepare_phase (in us),log_size,num_log_yes,99%_latency,execute_phase (in us),average_latency,bytes_received,int_aborts_maat_resolve_failure,cache,num_aborts_restart,90%_latency,num_cache_misses,num_cache_remove,num_home_txn,time_waiting_for_job,Throughput,time_write_queue,time_debug3,num_aborts_execute,int_aborts_ws2,dummy_bytes_sent,num_cache_evictions,commit_phase (in us),time_send_msg,CC (index) (in us),time_abort_queue,int_urgentwrite,num_aborts_terminate,num_local_hits,time_input_idle,time_debug6,time_debug7,time_debug4,time_debug5,time_debug2,time_read_queue,time_debug1,int_aborts_maat_resolve_no_feasibles,int_saved_by_hist,int_debug5,int_aborts_rs3,int_aborts_rs2,int_aborts_rs1,int_debug4,run_time,logic (in us),time_recv_msg,num_cache_hits,95%_latency,max_latency,num_aborts_signal,num_aborts_ws,bytes_sent,time_read_input_queue,int_aborts_ws1,num_ro_read,int_aborts_maat_empty_interval_after_adjustment,num_remote_readonly_txn,time_idle,num_aborts_remote,network (in us),num_remote_txn,int_debug6,num_cache_reads,num_ro_check,int_debug3,int_debug2,int_debug1,num_cache_bypass,num_local_txn,int_aborts_maat_adjust_others_failure,time_process_txn,int_inevitable,lock_phase (in us),num_cache_inserts,network_log (in us),num_cache_updates,total_log_yes (in us),num_renew_success,int_possibMVCC,wait (in us),num_waits,num_renew_failure,num_rw_check,time_wait_buffer,time_write_output_queue,CC (row) (in us),num_aborts_rs,num_renew,num_no_need_to_renewal,num_remote_write_txn,num_commits,abort (in us),num_renewals,num_rw_read,num_aborts,time_output_idle,num_pre_aborts
false,ONE_PC,0.5,0.05,0,WAIT_DIE,2,1000,,,,,,,,,,,,,,,,,,,,,,,,,,,,,,,,,,,,,,,,,,,,,,,,,,,,,,,,,,,,,,,,,,,,,,,,,,,,,,,,,,,,,,,,,,,,,,,,,,
false,ONE_PC,0.5,0.05,0,WAIT_DIE,4,1000,,,,,,,,,,,,,,,,,,,,,,,,,,,,,,,,,,,,,,,,,,,,,,,,,,,,,,,,,,,,,,,,,,,,,,,,,,,,,,,,,,,,,,,,,,,,,,,,,,
false,ONE_PC,0.5,0.05,0,WAIT_DIE,8,1000,,,,,,,,,,,,,,,,,,,,,,,,,,,,,,,,,,,,,,,,,,,,,,,,,,,,,,,,,,,,,,,,,,,,,,,,,,,,,,,,,,,,,,,,,,,,,,,,,,
false,ONE_PC,0.5,0.05,0,WAIT_DIE,16,1000,,,,,,,,,,,,,,,,,,,,,,,,,,,,,,,,,,,,,,,,,,,,,,,,,,,,,,,,,,,,,,,,,,,,,,,,,,,,,,,,,,,,,,,,,,,,,,,,,,
false,ONE_PC,0.5,0.05,0,WAIT_DIE,2,1000,24011.5,0,64,0.0745316,209.826,0.0319301,9.0232e-05,0,0,0,0.0516366,0,0,64,0,61.6704,0.000162379,0,0,0,0,0,0.829781,0.00160381,90.8013,0,0,0,0,2.45756,0,0.000140362,4.3314e-05,0,0,0.151692,0,0,0,0,0,0,0,0,2.07555,192.921,0.00162354,0,0.051746,0.0745316,0,0,0.000615916,0.0794425,0,0,0,11,1.62314,0,15847.5,34,0,0,0,0,0,132,0,29,0,0.0148666,0,0,0,12319.1,0,22358.7,0,0,0,0,0,0,0.0788184,0.000150232,0,0,0,0,24,64,0,0,0,0,0.960496,0
false,ONE_PC,0.5,0.05,0,WAIT_DIE,4,1000,23837.5,0,129,0.0574436,248.938,0.0315841,0.000198552,0,0,0,0.0516597,0,0,129,0,123.094,0.000464555,0,0,0,0,0,0.831566,0.00310718,71.09,0,0,0,0,2.18981,0,0.000412358,0.000107541,0,0,0.211641,0,0,0,0,0,0,0,0,4.19193,173.07,0.00323121,0,0.0517594,0.0744508,0,0,0.00125496,0.133262,0,0,0,30,3.26145,0,15051,76,0,0,0,0,0,273,0,53,0,0.0279459,0,0,0,11746.9,0,21960.6,0,0,0,0,0,0,0.166265,0.000303493,0,0,0,0,46,129,0,0,0,0,0.993019,0
false,ONE_PC,0.5,0.05,0,WAIT_DIE,8,1000,24636.6,0,238,0.05742,225.969,0.0341425,0.000407736,0,0,0,0.0516995,0,0,238,0,229.176,0.000834789,0,0,0,0,0,0.931492,0.00475436,38.8541,0,0,0,0,2.02969,0,0.000759628,0.000188858,0,0,0.246337,0,0,0,0,0,0,0,0,8.30803,128.338,0.0115091,0,0.0533081,0.0686512,0,0,0.00234036,0.224231,0,0,0,50,6.56882,0,18408.6,147,0,0,0,0,0,536,0,89,0,0.0400964,0,0,0,11520.2,0,22102.1,0,0,0,0,0,0,0.320684,0.000513615,0,0,0,0,99,238,0,0,0,0,1.00239,0
false,ONE_PC,0.5,0.05,0,WAIT_DIE,16,1000,24281.7,0,492,0.068911,255.131,0.0330727,0.000815572,0,0,0,0.051774,0,0,492,0,472.418,0.00158468,0,0,0,0,0,1.2422,0.00919163,117.817,0,0,0,0,1.59331,0,0.00134813,0.000464416,0,0,0.274958,0,0,0,0,0,0,0,0,16.6632,138.073,0.00841243,0,0.0572788,0.074522,0,0,0.00482215,0.446585,0,0,0,96,13.2298,0,17554.3,293,0,0,0,0,0,1094,0,198,0,0.0917231,0,0,0,11454.7,0,21680.8,0,0,0,0,0,0,0.627153,0.00167802,0,0,0,0,198,492,0,0,0,0,1.01246,0
false,ONE_PC,0.5,0.05,0,WAIT_DIE,32,1000,33606.7,0,668,0.133273,4475.42,0.048834,0.00103035,0,0,0,0.0874321,0,0,668,0,629.04,0.00207289,0,0,0,0,0,1.24128,0.015105,246.143,0,0,0,0,1.20613,0,0.00168239,0.000864742,0,0,0.4896,0,0,0,0,0,0,0,0,33.9819,278.21,0.206988,0,0.0961092,0.150238,0,0,0.00645909,1.13694,0,0,0,129,26.868,0,27735,379,0,0,0,0,0,1407,0,293,0,0.26552,0,0,0,17099.7,0,31193.5,0,0,0,0,0,0,1.23223,0.00177757,0,0,0,0,246,668,0,0,0,0,0.740398,0
false,ONE_PC,0.5,0.05,0,WAIT_DIE,64,1000,63516.6,0,580,0.399772,25660,0.112609,0.000824076,0,0,0,0.206818,0,0,580,0,463.22,0.00140533,0,0,0,0,0,0.945462,0.0103121,4047.61,0,0,0,0,1.12617,0,0.00112901,0.000590724,0,0,0.569422,0,0,0,0,0,0,0,0,80.1347,4480.76,0.48207,0,0.280875,0.497319,0,0,0.0054926,5.20018,0,0,0,130,46.9542,0,73229.6,319,0,0,0,0,0,1272,0,257,0,4.23223,0,0,0,24227.6,0,41567.8,0,0,0,0,0,0,3.24387,0.00107543,0,0,0,0,193,580,0,0,0,0,0.844606,0
false,ONE_PC,0.5,0.05,0,WAIT_DIE,128,1000,125550,0,322,1.18901,134373,0.309718,0.000468144,0,0,0,0.582574,0,0,322,0,205.556,0.000843108,0,0,0,0,0,174.459,0.0837771,21895,0,0,0,0,0.872634,0,0.000687873,0.000350519,0,0,0.826773,0,0,0,0,0,0,0,0,200.51,30548.5,1.09988,0,0.941085,1.44682,0,0,0.0030525,19.259,0,0,0,72,50.0796,0,217224,181,0,0,0,0,0,725,0,137,0,20.165,0,0,0,34495.3,0,59065.5,0,0,0,0,0,0,8.56355,0.000664901,0,0,0,0,113,322,0,0,0,0,0.871767,0
false,TWO_PC,0.5,0.05,0,WAIT_DIE,2,1000,22518.6,0,52,0.0851122,243.493,0.040112,7.7464e-05,0,0,0,0.0792786,0,0,52,0,49.4413,0.000111475,0,0,0,0,0,7457.39,0.00131497,83.3261,0,0,0,0,2.86767,0,9.6672e-05,3.6658e-05,0,0,0.152629,0,0,0,0,0,0,0,0,2.10351,212.935,0.00138186,0,0.0850449,0.0851122,0,0,0.000512936,0.0833179,0,0,0,7,1.62409,0,18939.3,27,0,0,0,0,0,120,0,24,0,0.013286,0,0,0,11545.9,0,19190.6,0,0,0,0,0,0,0.0839386,0.000109581,0,0,0,0,21,52,0,0,0,0,0.974311,0
false,TWO_PC,0.5,0.05,0,WAIT_DIE,4,1000,23669.4,0,100,0.10461,242.608,0.0412801,0.00016194,0,0,0,0.0793276,0,0,100,0,94.4166,0.000357179,0,0,0,0,0,6796.83,0.00242396,55.9972,0,0,0,0,2.30348,0,0.000316063,0.000103961,0,0,0.213626,0,0,0,0,0,0,0,0,4.23654,133.168,0.00253308,0,0.085057,0.10461,0,0,0.000979656,0.140246,0,0,0,22,3.27098,0,19401.8,57,0,0,0,0,0,230,0,41,0,0.0175474,0,0,0,11498.4,0,19652.3,0,0,0,0,0,0,0.173563,0.000293006,0,0,0,0,37,100,0,0,0,0,1.00439,0
false,TWO_PC,0.5,0.05,0,WAIT_DIE,8,1000,24638.8,0,183,0.111643,241.901,0.0446695,0.000320952,0,0,0,0.0850304,0,0,183,0,175.363,0.000704142,0,0,0,0,0,8296.39,0.00425064,127.151,0,0,0,0,1.72572,0,0.000584056,0.000162198,0,0,0.256783,0,0,0,0,0,0,0,0,8.3484,179.286,0.0143042,0,0.088306,0.111888,0,0,0.0018129,0.229318,0,0,0,34,6.55405,0,21835.9,111,0,0,0,0,0,450,0,71,0,0.0424104,0,0,0,11839.5,0,20821.6,0,0,0,0,0,0,0.3291,0.000439125,0,0,0,0,78,183,0,0,0,0,1.00564,0
false,TWO_PC,0.5,0.05,0,WAIT_DIE,16,1000,24029.2,0,381,0.0883135,234.886,0.0429217,0.000659628,0,0,0,0.0797199,0,0,381,0,359.241,0.00121221,0,0,0,0,0,8603.37,0.00760043,49.1511,0,0,0,0,1.73466,0,0.00106453,0.000343884,0,0,0.302558,0,0,0,0,0,0,0,0,16.9691,163.333,0.0101212,0,0.0798592,0.0884893,0,0,0.00375316,0.471486,0,0,0,68,13.2217,0,18828.2,229,0,0,0,0,0,929,0,155,0,0.08165,0,0,0,12343.2,0,21497.4,0,0,0,0,0,0,0.68082,0.0010316,0,0,0,0,158,381,0,0,0,0,1.03,0
false,TWO_PC,0.5,0.05,0,WAIT_DIE,32,1000,26122.4,0,720,0.110896,1270.62,0.0453388,0.00109332,0,0,0,0.0862936,0,0,720,0,677.053,0.00209604,0,0,0,0,0,8360.75,0.0220043,209.823,0,0,0,0,1.50278,0,0.00169992,0.000843608,0,0,0.38968,0,0,0,0,0,0,0,0,34.0298,211.855,0.0138903,0,0.0957481,0.143415,0,0,0.00695028,1.16601,0,0,0,142,26.8555,0,19980.3,405,0,0,0,0,0,1644,0,318,0,0.203805,0,0,0,13802.3,0,23159.5,0,0,0,0,0,0,1.20089,0.00162035,0,0,0,0,260,720,0,0,0,0,1.01782,0
false,TWO_PC,0.5,0.05,0,WAIT_DIE,64,1000,69593.8,0,434,0.442841,35771.2,0.149284,0.000629052,0,0,0,0.299265,0,0,434,0,348.776,0.00125402,0,0,0,0,0,15172.5,0.00851297,5550.44,0,0,0,0,1.15777,0,0.00104982,0.000480487,0,0,0.687436,0,0,0,0,0,0,0,0,79.6386,5900.28,0.532074,0,0.358972,0.617625,0,0,0.00411839,5.0202,0,0,0,96,47.0404,0,91992.2,239,0,0,0,0,0,970,0,185,0,3.76655,0,0,0,27134.6,0,45479.4,0,0,0,0,0,0,3.2003,0.000992101,0,0,0,0,153,434,0,0,0,0,0.757352,0
false,TWO_PC,0.5,0.05,0,WAIT_DIE,128,1000,125265,0,389,1.00939,112928,0.301565,0.000532364,0,0,0,0.666272,0,0,389,0,260.449,0.373549,0,0,0,0,0,20211.9,0.0346455,12123.4,0,0,0,0,1.04192,0,0.373384,0.000439102,0,0,0.929181,0,0,0,0,0,0,0,0,191.178,16047.1,0.522905,0,0.798045,1.1947,0,0,0.00365385,20.2172,0,0,0,82,70.862,0,194961,197,0,0,0,0,0,831,0,181,0,13.3632,0,0,0,42170.5,0,69881.1,0,0,0,0,0,0,8.98584,0.00263265,0,0,0,0,126,389,0,0,0,0,0.730767,0
false,ONE_PC,0.5,0.05,0,WAIT_DIE,2,1000,21969.2,0,71,0.0632075,230.215,0.0285008,0.000108796,0,0,0,0.046823,0,0,71,0,69.5662,0.000215082,0,0,0,0,0,0.969479,0.00159943,73.2614,0,0,0,0,1.60468,0,0.00019118,5.9932e-05,0,0,0.148302,0,0,0,0,0,0,0,0,2.04122,210.753,0.00189188,0,0.0516575,0.0632075,0,0,0.000689796,0.0737268,0,0,0,12,1.62063,0,13379.3,39,0,0,0,0,0,155,0,31,0,0.0175527,0,0,0,10975.1,0,20250.4,0,0,0,0,0,0,0.0747043,0.000190743,0,0,0,0,28,71,0,0,0,0,0.945061,0
false,ONE_PC,0.5,0.05,0,WAIT_DIE,4,1000,24141.2,0,127,0.0653711,242.858,0.0321166,0.000197284,0,0,0,0.0516864,0,0,127,0,120.578,0.000383565,0,0,0,0,0,0.901047,0.00270868,117.688,0,0,0,0,1.70798,0,0.000317468,0.000112053,0,0,0.212978,0,0,0,0,0,0,0,0,4.21303,199.066,0.00289879,0,0.0531711,0.0704507,0,0,0.00123215,0.136351,0,0,0,30,3.2597,0,15041.1,76,0,0,0,0,0,277,0,52,0,0.0315306,0,0,0,11516.4,0,21316.7,0,0,0,0,0,0,0.16957,0.00031564,0,0,0,0,45,127,0,0,0,0,0.998396,0
false,ONE_PC,0.5,0.05,0,WAIT_DIE,8,1000,24538.3,0,247,0.0584513,260.487,0.0329108,0.000431908,0,0,0,0.0516415,0,0,247,0,238.128,0.000941316,0,0,0,0,0,1.17291,0.00542047,55.3431,0,0,0,0,2.03213,0,0.000852595,0.000195599,0,0,0.245759,0,0,0,0,0,0,0,0,8.29806,184.933,0.008349,0,0.0518253,0.0815179,0,0,0.00244227,0.224011,0,0,0,52,6.54919,0,15822.5,159,0,0,0,0,0,567,0,91,0,0.0576339,0,0,0,11705.2,0,23001,0,0,0,0,0,0,0.319875,0.000545682,0,0,0,0,104,247,0,0,0,0,1.0006,0
false,ONE_PC,0.5,0.05,0,WAIT_DIE,16,1000,23447.8,0,485,0.0769129,254.343,0.0334955,0.0008048,0,0,0,0.0548446,0,0,485,0,467.844,0.00148238,0,0,0,0,0,1.25005,0.00893274,48.6278,0,0,0,0,1.66676,0,0.00129683,0.000421116,0,0,0.276759,0,0,0,0,0,0,0,0,16.5867,158.253,0.0100886,0,0.057321,0.0770233,0,0,0.00476012,0.43715,0,0,0,95,13.2015,0,19776.5,290,0,0,0,0,0,1086,0,195,0,0.100605,0,0,0,10494.6,0,19475.1,0,0,0,0,0,0,0.621041,0.0013561,0,0,0,0,195,485,0,0,0,0,1.00867,0
false,ONE_PC,0.5,0.05,0,WAIT_DIE,32,1000,32564.5,0,695,0.127671,3500.94,0.0473114,0.001071,0,0,0,0.081785,0,0,695,0,612.647,0.00212208,0,0,0,0,0,1.32,0.0134405,223.565,0,0,0,0,1.48436,0,0.00171555,0.000941725,0,0,0.483205,0,0,0,0,0,0,0,0,36.3015,238.719,0.0550083,0,0.091861,0.177777,0,0,0.00671284,1.50697,0,0,0,141,26.8837,0,26391,393,0,0,0,1,0,1506,0,304,0,0.206858,0,0,0,15947.6,0,28934.8,0,0,102.845,1,0,0,1.57392,0.00154919,0,0,0,0,250,695,0,0,0,0,0.772841,0
false,ONE_PC,0.5,0.05,0,WAIT_DIE,64,1000,55928.1,0,630,0.457074,22609.3,0.100084,0.000910368,0,0,0,0.215462,0,0,630,0,510.613,0.00155921,0,0,0,0,0,1.01098,0.0205579,2543.67,0,0,0,0,1.23354,0,0.00127203,0.000667792,0,0,0.610685,0,0,0,0,0,0,0,0,78.9639,3195.92,0.487764,0,0.269481,0.521387,0,0,0.00597538,5.33903,0,0,0,142,45.325,0,64443.1,356,0,0,0,0,0,1391,0,275,0,4.56511,0,0,0,22925.2,0,39518.2,0,0,0,0,0,0,3.28335,0.00121088,0,0,0,0,213,630,0,0,0,0,0.731146,0
false,ONE_PC,0.5,0.05,0,WAIT_DIE,128,1000,126052,0,364,0.993087,98148.7,0.272445,0.000521768,0,0,0,0.52291,0,0,364,0,246.652,0.00100267,0,0,0,0,0,177.908,0.114099,36883.2,0,0,0,0,1.05496,0,0.000816142,0.000398577,0,0,0.740856,0,0,0,0,0,0,0,0,188.898,38367.8,0.901466,0,0.62247,1.07328,0,0,0.00347837,16.1756,0,0,0,78,52.7228,0,176214,218,0,0,0,0,0,829,0,166,0,23.9825,0,0,0,32484.6,0,57413.2,0,0,0,0,0,0,8.02717,0.000842874,0,0,0,0,120,364,0,0,0,0,0.733095,0
false,TWO_PC,0.5,0.05,0,WAIT_DIE,2,1000,23028.6,0,50,0.14446,187.148,0.0411154,7.3612e-05,0,0,0,0.0705463,0,0,50,0,47.9344,0.00015858,0,0,0,0,0,7256,0.00129025,57.8261,0,0,0,0,2.51196,0,0.000142287,7.5498e-05,0,0,0.152251,0,0,0,0,0,0,0,0,2.08619,149.346,0.00164192,0,0.0745414,0.14446,0,0,0.000492684,0.0813718,0,0,0,7,1.62677,0,18118.7,25,0,0,0,0,0,113,0,24,0,0.00926711,0,0,0,11962.6,0,19782.2,0,0,0,0,0,0,0.081098,0.000157334,0,0,0,0,19,50,0,0,0,0,0.965951,0
false,TWO_PC,0.5,0.05,0,WAIT_DIE,4,1000,24219.5,0,101,0.0873725,192.355,0.0402973,0.000163472,0,0,0,0.0707086,0,0,101,0,96.393,0.000373151,0,0,0,0,0,7770.79,0.0022946,99.2391,0,0,0,0,2.4907,0,0.000341398,7.3846e-05,0,0,0.212711,0,0,0,0,0,0,0,0,4.19118,163.533,0.00270562,0,0.075919,0.0940118,0,0,0.000998468,0.134984,0,0,0,22,3.2673,0,15268.7,60,0,0,0,0,0,235,0,43,0,0.0213032,0,0,0,12983.2,0,22442,0,0,0,0,0,0,0.166329,0.000233961,0,0,0,0,36,101,0,0,0,0,0.9931,0
false,TWO_PC,0.5,0.05,0,WAIT_DIE,8,1000,25351.9,0,176,0.112939,195.111,0.0467591,0.000309512,0,0,0,0.086212,0,0,176,0,163.969,0.000587024,0,0,0,0,0,8967.34,0.00375796,53.6273,0,0,0,0,1.78698,0,0.000514023,0.000125146,0,0,0.262715,0,0,0,0,0,0,0,0,8.58697,70.6838,0.0134954,0,0.0987564,0.116132,0,0,0.00174708,0.257044,0,0,0,33,6.57395,0,22670.5,110,0,0,0,0,0,437,0,68,0,0.0189723,0,0,0,12344.3,0,21686,0,0,0,0,0,0,0.366358,0.000380098,0,0,0,0,75,176,0,0,0,0,1.03574,0
false,TWO_PC,0.5,0.05,0,WAIT_DIE,16,1000,24609.9,0,381,0.0975953,254.7,0.0430858,0.000659532,0,0,0,0.0755244,0,0,381,0,361.979,0.00120267,0,0,0,0,0,8631.4,0.00733633,105.14,0,0,0,0,1.52105,0,0.00105322,0.000318214,0,0,0.282483,0,0,0,0,0,0,0,0,16.8408,124.597,0.00708771,0,0.0812643,0.0978002,0,0,0.00375004,0.470232,0,0,0,68,13.2795,0,18263.1,227,0,0,0,0,0,927,0,153,0,0.0653219,0,0,0,12753.7,0,22402.7,0,0,0,0,0,0,0.6466,0.00129974,0,0,0,0,160,381,0,0,0,0,1.0258,0
false,TWO_PC,0.5,0.05,0,WAIT_DIE,32,1000,30220.1,0,575,0.162747,3888.51,0.0570508,0.000872508,0,0,0,0.110016,0,0,575,0,527.823,0.00163215,0,0,0,0,0,9368.13,0.0122705,48.1255,0,0,0,0,1.58314,0,0.00131085,0.000672455,0,0,0.405455,0,0,0,0,0,0,0,0,34.8602,154.588,0.114386,0,0.131028,0.206693,0,0,0.00553731,1.20274,0,0,0,108,26.9805,0,30125.4,312,0,0,0,1,0,1310,0,251,0,0.121275,0,0,0,15039.4,0,24900.9,0,0,250.107,1,0,0,1.32543,0.00129214,0,0,0,0,216,575,0,0,0,0,1.05737,0
false,TWO_PC,0.5,0.05,0,WAIT_DIE,64,1000,66749.1,0,486,0.45882,26770.8,0.134394,0.000696356,0,0,0,0.287148,0,0,486,0,388.549,0.00116811,0,0,0,0,0,14671.6,0.0324536,1484.8,0,0,0,0,1.56341,0,0.000947128,0.000464587,0,0,0.658069,0,0,0,0,0,0,0,0,80.0518,1773.82,0.361541,0,0.324093,0.566636,0,0,0.00459008,5.63986,0,0,0,106,47.9917,0,79628.7,269,0,0,0,0,0,1084,0,217,0,1.98647,0,0,0,26193.7,0,43759.5,0,0,0,0,0,0,3.48931,0.000956121,0,0,0,0,163,486,0,0,0,0,0.567095,0
false,TWO_PC,0.5,0.05,0,WAIT_DIE,128,1000,119188,0,301,1.2972,143695,0.330417,0.000437832,0,0,0,0.630466,0,0,301,0,192.422,0.000785602,0,0,0,0,0,16231.3,0.0256543,51463,0,0,0,0,1.20212,0,0.000625371,0.000357532,0,0,0.834175,0,0,0,0,0,0,0,0,200.227,52332.6,0.884938,0,0.922365,1.47232,0,0,0.00287045,18.3207,0,0,0,62,43.4071,0,216787,168,0,0,0,0,0,685,0,132,0,26.1698,0,0,0,27376.9,0,46483.4,0,0,0,0,0,0,9.04393,0.0246128,0,0,0,0,107,301,0,0,0,0,1.06505,0
false,ONE_PC,0.5,0.05,0,WAIT_DIE,2,1000,23782.1,0,63,0.0572274,211.865,0.0322556,9.0376e-05,0,0,0,0.0516423,0,0,63,0,61.5438,0.000334135,0,0,0,0,0,0.999492,0.00159651,64.4254,0,0,0,0,2.87845,0,0.000313852,7.9956e-05,0,0,0.149329,0,0,0,0,0,0,0,0,2.04732,162.438,0.00194969,0,0.0517106,0.0572274,0,0,0.000609832,0.0749452,0,0,0,10,1.62425,0,17230.2,35,0,0,0,0,0,133,0,29,0,0.012513,0,0,0,11234.7,0,20858.8,0,0,0,0,0,0,0.0755013,0.000210081,0,0,0,0,24,63,0,0,0,0,0.947591,0
false,ONE_PC,0.5,0.05,0,WAIT_DIE,4,1000,23474.5,0,130,0.057361,256.49,0.0312269,0.000200724,0,0,0,0.051672,0,0,130,0,126.173,0.000573398,0,0,0,0,0,1.32655,0.00266331,115.961,0,0,0,0,1.8839,0,0.000521126,0.000151322,0,0,0.208872,0,0,0,0,0,0,0,0,4.12131,216.22,0.00607323,0,0.0517646,0.0759489,0,0,0.00125922,0.123562,0,0,0,31,3.2571,0,14334.4,76,0,0,0,0,0,277,0,53,0,0.0342187,0,0,0,11821.6,0,21946.8,0,0,0,0,0,0,0.156049,0.000458807,0,0,0,0,46,130,0,0,0,0,0.976486,0
false,ONE_PC,0.5,0.05,0,WAIT_DIE,8,1000,23623.5,0,245,0.0623527,203.093,0.033085,0.000415172,0,0,0,0.0518133,0,0,245,0,237.793,0.000749758,0,0,0,0,0,1.06439,0.0052572,97.2435,0,0,0,0,1.57457,0,0.000669175,0.000241038,0,0,0.257112,0,0,0,0,0,0,0,0,8.24246,137.57,0.00465908,0,0.0547722,0.0699771,0,0,0.00239798,0.216714,0,0,0,53,6.55207,0,18510.3,151,0,0,0,0,0,552,0,93,0,0.0442479,0,0,0,10531,0,20131.5,0,0,0,0,0,0,0.314333,0.00073009,0,0,0,0,99,245,0,0,0,0,0.990867,0
false,ONE_PC,0.5,0.05,0,WAIT_DIE,16,1000,25682.1,0,472,0.0777241,221.458,0.0342728,0.000787492,0,0,0,0.051825,0,0,472,0,449.814,0.00149692,0,0,0,0,0,1.01963,0.00985622,63.7495,0,0,0,0,1.587,0,0.00130953,0.000488429,0,0,0.336035,0,0,0,0,0,0,0,0,16.7892,116.162,0.00780572,0,0.0574162,0.078028,0,0,0.00464124,0.462022,0,0,0,89,13.2315,0,17290.7,284,0,0,0,0,0,1051,0,194,0,0.0756,0,0,0,12302.1,0,23483.6,0,0,0,0,0,0,0.65112,0.00109975,0,0,0,0,189,472,0,0,0,0,1.01004,0
false,ONE_PC,0.5,0.05,0,WAIT_DIE,32,1000,32505.8,0,670,0.125251,4105.05,0.0490773,0.00104201,0,0,0,0.0829442,0,0,670,0,613.328,0.0019584,0,0,0,0,0,1.2088,0.0117301,45.3785,0,0,0,0,1.61522,0,0.00158787,0.000717712,0,0,0.516871,0,0,0,0,0,0,0,0,34.9568,144.214,0.0599683,0,0.0957882,0.159607,0,0,0.00651626,1.23746,0,0,0,134,26.8593,0,27807.1,398,0,0,0,0,0,1506,0,295,0,0.133761,0,0,0,16521.2,0,29318.3,0,0,0,0,0,0,1.34594,0.00145032,0,0,0,0,241,670,0,0,0,0,0.749078,0
false,ONE_PC,0.5,0.05,0,WAIT_DIE,64,1000,66577.2,0,503,0.420448,34347.2,0.129982,0.000749144,0,0,0,0.260937,0,0,503,0,395.932,0.00134512,0,0,0,0,0,1.15398,0.00902331,5609.55,0,0,0,0,1.31128,0,0.00110789,0.000559347,0,0,0.691811,0,0,0,0,0,0,0,0,81.3069,6072.23,0.453544,0,0.307255,0.54759,0,0,0.00479578,5.38329,0,0,0,111,47.5498,0,89548.9,286,0,0,0,0,0,1136,0,214,0,4.16437,0,0,0,26422.1,0,45466.2,0,0,0,0,0,0,3.54683,0.00102424,0,0,0,0,178,503,0,0,0,0,0.738268,0
false,ONE_PC,0.5,0.05,0,WAIT_DIE,128,1000,115275,0,361,1.22301,119615,0.276017,0.000506888,0,0,1,0.498764,0,0,361,0,247.197,0.000887957,0,1,0,0,0,293.497,0.129725,9894.41,0,0,0,0,1.01634,0,0.000712253,0.0720251,0,0,0.759944,0,0,0,0,0,0,0,0,186.927,32259.4,0.908638,0,0.829765,1.35305,0,0,0.0034164,16.3635,0,0,0,76,52.1591,0,185607,183,0,0,0,0,1,786,0,161,0,21.2429,0,0,0,37323.6,0,61582.9,0,0,0,0,0,0,7.4797,0.000808039,0,1,0,0,124,361,509.243,0,0,1,0.805711,0
false,TWO_PC,0.5,0.05,0,WAIT_DIE,2,1000,19409.3,0,58,0.0748008,229.214,0.0346074,8.3756e-05,0,0,0,0.0688922,0,0,58,0,57.7731,0.000152794,0,0,0,0,0,7480.82,0.0013437,81.0948,0,0,0,0,2.58887,0,0.000130968,4.3571e-05,0,0,0.145329,0,0,0,0,0,0,0,0,2.00785,183.598,0.00442036,0,0.074766,0.0748008,0,0,0.00055612,0.0681725,0,0,0,9,1.62398,0,14485.1,30,0,0,0,0,0,132,0,27,0,0.0128746,0,0,0,11563.8,0,18840.5,0,0,0,0,0,0,0.0700102,0.000122953,0,0,0,0,22,58,0,0,0,0,0.930122,0
false,TWO_PC,0.5,0.05,0,WAIT_DIE,4,1000,20988.6,0,111,0.0801285,257.893,0.0368551,0.000181812,0,0,0,0.0723184,0,0,111,0,106.357,0.000356914,0,0,0,0,0,7668.4,0.00258654,124.628,0,0,0,0,1.11424,0,0.000292422,0.000132534,0,0,0.210615,0,0,0,0,0,0,0,0,4.1746,213.08,0.00605403,0,0.0746656,0.0801659,0,0,0.00109682,0.131682,0,0,0,25,3.26162,0,15050.1,67,0,0,0,0,0,262,0,44,0,0.0287948,0,0,0,11529.1,0,19548.3,0,0,0,0,0,0,0.163899,0.000255147,0,0,0,0,42,111,0,0,0,0,0.989365,0
false,TWO_PC,0.5,0.05,0,WAIT_DIE,8,1000,23628.2,0,191,0.103105,261.682,0.0427792,0.000339956,0,0,0,0.0799827,0,0,191,0,181.526,0.000628696,0,0,0,0,0,8239.54,0.00442585,57.8601,0,0,0,0,2.06088,0,0.000552343,0.000206102,0,0,0.251451,0,0,0,0,0,0,0,0,8.41753,184.438,0.00389353,0,0.080184,0.103177,0,0,0.00190773,0.2366,0,0,0,36,6.5589,0,20617,118,0,0,0,0,0,474,0,73,0,0.0452295,0,0,0,11283.1,0,19765.5,0,0,0,0,0,0,0.338858,0.000652215,0,0,0,0,82,191,0,0,0,0,1.01597,0
false,TWO_PC,0.5,0.05,0,WAIT_DIE,16,1000,22468.5,0,402,0.0950103,263.004,0.0406532,0.000690848,0,0,0,0.074605,0,0,402,0,378.965,0.00137743,0,0,0,0,0,7661.03,0.00731336,74.8775,0,0,0,0,1.78453,0,0.00104744,0.000424717,0,0,0.282003,0,0,0,0,0,0,0,0,16.9725,138.183,0.00849468,0,0.0856952,0.102199,0,0,0.00396684,0.484551,0,0,0,73,13.1948,0,20189.7,239,0,0,0,0,0,974,0,163,0,0.0749797,0,0,0,10462.1,0,17690.9,0,0,0,0,0,0,0.682625,0.00115973,0,0,0,0,166,402,0,0,0,0,1.03409,0
false,TWO_PC,0.5,0.05,0,WAIT_DIE,32,1000,25882.5,0,734,0.104948,645.626,0.0446779,0.00112474,0,0,0,0.0877989,0,0,734,0,677.791,0.00230516,0,0,0,0,0,9006.44,0.0232833,218.841,0,0,0,0,1.47075,0,0.00184821,0.00125037,0,0,0.48919,0,0,0,0,0,0,0,0,34.6537,224.725,0.015254,0,0.0938237,0.131003,0,15,0.00704736,1.24197,0,0,0,151,26.8646,0,18570.9,423,0,0,0,0,15,1667,0,316,0,0.235767,0,0,0,14181.2,0,23205.6,0,0,0,0,0,0,1.30398,0.00175496,0,0,0,0,267,734,0,0,0,0,1.03572,0
false,TWO_PC,0.5,0.05,0,WAIT_DIE,64,1000,51520,0,613,0.370711,20998.2,0.104271,0.000888728,0,0,0,0.215461,0,0,613,0,496.805,0.0358856,0,0,0,0,0,11900.5,0.0256346,2640.31,0,0,0,0,1.27735,0,0.0355714,0.00883691,0,0,0.487264,0,0,0,0,0,0,0,0,78.9687,3159.74,0.367583,0,0.255366,0.478991,0,0,0.00581752,5.12691,0,0,0,139,47.1565,0,59114.1,342,0,0,0,0,0,1370,0,267,0,4.20887,0,0,0,21168.3,0,35414.1,0,0,0,0,0,0,3.2931,0.0192073,0,0,0,0,207,613,0,0,0,0,1.0056,0
false,TWO_PC,0.5,0.05,0,WAIT_DIE,128,1000,122355,0,338,1.17684,108337,0.297482,0.00050948,0,0,0,0.593907,0,0,338,0,221.051,0.000918033,0,0,0,0,0,18517.8,0.0761951,13324,0,0,0,0,1.05473,0,0.000741888,0.000387361,0,0,1.01531,0,0,0,0,0,0,0,0,195.719,45548.3,0.899711,0,0.690262,1.20223,0,0,0.00331346,18.7639,0,0,0,73,48.2904,0,181574,203,0,0,0,0,0,780,0,153,0,25.3413,0,0,0,30053.5,0,50908.9,0,0,0,0,0,0,8.99829,0.000795527,0,0,0,0,112,338,0,0,0,0,0.821841,0
false,ONE_PC,0.5,0.05,0,WAIT_DIE,2,1000,21974.9,0,68,0.0573242,158.714,0.0296524,0.000101016,0,0,0,0.0512484,0,0,68,0,66.2477,0.000241781,0,0,0,0,0,1.10926,0.0016244,62.66,0,0,0,0,1.38861,0,0.000190525,6.1846e-05,0,0,0.149602,0,0,0,0,0,0,0,0,2.0529,122.269,0.0018012,0,0.0516931,0.0573242,0,0,0.000663436,0.0758026,0,0,0,12,1.6254,0,15945.3,39,0,0,0,0,0,143,0,31,0,0.0107109,0,0,0,9788.55,0,18622.5,0,0,0,0,0,0,0.0765517,0.000240219,0,0,0,0,25,68,0,0,0,0,0.95008,0
false,ONE_PC,0.5,0.05,0,WAIT_DIE,4,1000,23496.4,0,129,0.0604836,235.597,0.0317375,0.000200696,0,0,0,0.0516602,0,0,129,0,123.365,0.000395435,0,0,0,0,0,0.789651,0.00302753,114.743,0,0,0,0,1.86991,0,0.000345736,0.000125858,0,0,0.211909,0,0,0,0,0,0,0,0,4.1827,188.326,0.00822442,0,0.0517313,0.0620363,0,0,0.00125813,0.132111,0,0,0,29,3.2608,0,15467.3,76,0,0,0,0,0,276,0,53,0,0.0299321,0,0,0,11618.5,0,21382.9,0,0,0,0,0,0,0.165133,0.000300369,0,0,0,0,47,129,0,0,0,0,0.990845,0
false,ONE_PC,0.5,0.05,0,WAIT_DIE,8,1000,23248.4,0,246,0.0575431,228.582,0.0333734,0.000416788,0,0,0,0.0516941,0,0,246,0,234.441,0.000910408,0,0,0,0,0,1.03389,0.0061874,50.8852,0,0,0,0,2.05555,0,0.000824305,0.000256433,0,0,0.263432,0,0,0,0,0,0,0,0,8.39445,171.727,0.00743161,0,0.0572692,0.0613722,0,0,0.00241703,0.235432,0,0,0,52,6.54685,0,19204.6,152,0,0,0,0,0,563,0,92,0,0.0530136,0,0,0,10289.1,0,19351.2,0,0,0,0,0,0,0.335861,0.000756081,0,0,0,0,102,246,0,0,0,0,1.00712,0
false,ONE_PC,0.5,0.05,0,WAIT_DIE,16,1000,25094.4,0,491,0.0819526,257.371,0.0331656,0.000805412,0,0,0,0.0516944,0,0,491,0,470.057,0.00148293,0,0,0,0,0,1.05777,0.0132093,140.169,0,0,0,0,1.5141,0,0.00118011,0.000651769,0,0,0.368551,0,0,0,0,0,0,0,0,16.7129,156.475,0.0101548,0,0.051803,0.0821298,0,0,0.0048078,0.447899,0,0,0,95,13.1446,0,15829.1,292,0,0,0,0,0,1071,0,201,0,0.0989302,0,0,0,12296.2,0,23556.4,0,0,0,0,0,0,0.653966,0.00129253,0,0,0,0,195,491,0,0,0,0,0.995723,0
false,ONE_PC,0.5,0.05,0,WAIT_DIE,32,1000,27074.2,0,876,0.0934528,752.68,0.0370373,0.00136904,0,0,0,0.0638234,0,0,876,0,816.833,0.00263192,0,0,0,0,0,1.15983,0.0201877,110.032,0,0,0,0,1.48467,0,0.00214819,0.00103121,0,0,0.392244,0,0,0,0,0,0,0,0,34.3179,127.836,0.0237338,0,0.0663077,0.156784,0,0,0.00850772,1.17867,0,0,0,184,26.624,0,20165.8,507,0,0,0,0,0,1870,0,375,0,0.154284,0,0,0,13022.9,0,24104.4,0,0,0,0,0,0,1.29099,0.00187019,0,0,0,0,317,876,0,0,0,0,1.03019,0
false,ONE_PC,0.5,0.05,0,WAIT_DIE,64,1000,60882.1,0,576,0.307753,24861.6,0.109515,0.000828992,0,0,0,0.215466,0,0,576,0,465.664,0.00147587,0,0,0,0,0,1.07926,0.0111118,4856.9,0,0,0,0,1.33555,0,0.00119374,0.00071948,0,0,0.705469,0,0,0,0,0,0,0,0,79.1644,5157.74,0.421827,0,0.243136,0.486707,0,0,0.00547776,5.18832,0,0,0,131,45.2335,0,70710.1,326,0,0,0,0,0,1274,0,255,0,5.05226,0,0,0,24545.6,0,42220.9,0,0,0,0,0,0,3.3164,0.00122165,0,0,0,0,190,576,0,0,0,0,0.763453,0
false,ONE_PC,0.5,0.05,0,WAIT_DIE,128,1000,120934,0,339,1.13288,101966,0.268965,0.000513392,0,0,66,0.538671,0,0,339,0,207.546,0.000954383,0,66,0,0,0,282.959,0.0550833,9708.43,0.042926,0,0,0,1.00135,0,0.000769787,0.000393736,0,0,0.831586,0,0,0,0,0,0,0,0,209.072,28038.6,1.12062,0,0.641669,1.23281,0,0,0.00326532,20.4743,0,0,0,71,46.7121,0,182973,211,0,0,0,0,66,803,0,145,0,19.9043,0,0,0,31026.1,0,54604.9,0,0,0,0,0,0,10.0322,0.000742846,0,66,0,0,123,339,141.021,0,0,66,0.965393,0
false,TWO_PC,0.5,0.05,0,WAIT_DIE,2,1000,22349.1,0,54,0.0916677,266.685,0.0374031,8.138e-05,0,0,0,0.0693004,0,0,54,0,53.1324,0.000147319,0,0,0,0,0,7221.81,0.00130543,110.566,0,0,0,0,1.91526,0,0.000119778,8.3694e-05,0,0,0.148432,0,0,0,0,0,0,0,0,2.03266,249.868,0.00172288,0,0.0753235,0.0916677,0,0,0.000530136,0.0722419,0,0,0,7,1.62119,0,14216.3,30,0,0,0,0,0,128,0,25,0,0.0160986,0,0,0,12136.1,0,21548.1,0,0,0,0,0,0,0.0735515,0.000155262,0,0,0,0,22,54,0,0,0,0,0.941253,0
false,TWO_PC,0.5,0.05,0,WAIT_DIE,4,1000,18268.1,0,129,0.0858148,220.114,0.0316081,0.00019818,0,0,0,0.0575676,0,0,129,0,122.401,0.000394032,0,0,0,0,0,6242.17,0.00276426,78.5717,0,0,0,0,2.12862,0,0.00033946,0.000124245,0,0,0.213016,0,0,0,0,0,0,0,0,4.21566,171.926,0.00521589,0,0.0688189,0.085818,0,0,0.0012485,0.137173,0,0,0,30,3.26238,0,13541.6,74,0,0,0,0,0,294,0,53,0,0.0276521,0,0,0,10383.1,0,17425.4,0,0,0,0,0,0,0.169964,0.000272291,0,0,0,0,46,129,0,0,0,0,0.998629,0
false,TWO_PC,0.5,0.05,0,WAIT_DIE,8,1000,20154.7,0,227,0.0752479,202.943,0.0359654,0.000395564,0,0,0,0.0683613,0,0,227,0,215.143,0.000804739,0,0,0,0,0,7053.78,0.00507598,43.5166,0,0,0,0,2.05257,0,0.000732166,0.00017653,0,0,0.252493,0,0,0,0,0,0,0,0,8.44088,137.334,0.00496159,0,0.0689273,0.0807194,0,0,0.00224819,0.244672,0,0,0,45,6.57108,0,16911.5,143,0,0,0,0,0,564,0,85,0,0.0410677,0,0,0,9959.62,0,17695.1,0,0,0,0,0,0,0.339061,0.00046228,0,0,0,0,97,227,0,0,0,0,1.01823,0
false,TWO_PC,0.5,0.05,0,WAIT_DIE,16,1000,24590.3,0,384,0.0912702,243.747,0.0429897,0.000654696,0,0,0,0.0743058,0,0,384,0,362.037,0.00117908,0,0,0,0,0,9027.51,0.00749446,49.7578,0,0,0,0,1.76254,0,0.00103375,0.0003423,0,0,0.279933,0,0,0,0,0,0,0,0,16.9706,161.976,0.00902134,0,0.0798839,0.114589,0,0,0.00375467,0.481626,0,0,0,68,13.2339,0,18438.7,223,0,0,0,0,0,923,0,155,0,0.0812198,0,0,0,12872.9,0,21918.6,0,0,0,0,0,0,0.675794,0.00113017,0,0,0,0,161,384,0,0,0,0,1.03413,0
false,TWO_PC,0.5,0.05,0,WAIT_DIE,32,1000,30798,0,584,0.161132,3370.21,0.0563706,0.0008754,0,0,0,0.108109,0,0,584,0,531.707,0.00154502,0,0,0,0,0,9215.71,0.0123921,48.5987,0,0,0,0,1.60762,0,0.00126452,0.000668855,0,0,0.410394,0,0,0,0,0,0,0,0,35.1472,157.243,0.0157555,0,0.120457,0.196923,0,0,0.00563719,1.28532,0,0,0,110,26.8115,0,29311.3,316,0,0,0,0,0,1322,0,262,0,0.125081,0,0,0,15479,0,25829.6,0,0,0,0,0,0,1.38718,0.00133237,0,0,0,0,212,584,0,0,0,0,1.03033,0
false,TWO_PC,0.5,0.05,0,WAIT_DIE,64,1000,51638.7,0,636,0.336704,17404.1,0.100297,0.000912716,0,0,0,0.211474,0,0,636,0,526.127,0.00168074,0,0,0,0,0,13135.8,0.0148819,4256.11,0,0,0,0,1.07618,0,0.00136523,0.000827115,0,0,0.462802,0,0,0,0,0,0,0,0,77.3653,4433.09,0.526477,0,0.262755,0.470756,0,0,0.00605654,4.54104,0,0,0,146,47.3989,0,52145.3,356,0,0,0,0,0,1415,0,280,0,4.50095,0,0,0,23944.4,0,40142.4,0,0,0,0,0,0,2.83071,0.00145772,0,0,0,0,210,636,0,0,0,0,1.17702,0
false,TWO_PC,0.5,0.05,0,WAIT_DIE,128,1000,121024,0,398,1.10529,110212,0.293314,0.000556752,0,0,0,0.598522,0,0,398,0,270.697,0.000939422,0,0,0,0,0,18040.4,0.0549129,7872.06,0,0,0,0,1.26013,0,0.000763618,0.0161739,0,0,0.931339,0,0,0,0,0,0,0,0,188.196,25851.5,0.760248,0,0.771809,1.24081,0,0,0.00376922,17.9342,0,0,0,96,66.1456,0,190265,219,0,0,0,0,0,875,0,174,0,17.7005,0,0,0,36125.7,0,61388.9,0,0,0,0,0,0,8.41498,0.000828391,0,0,0,0,128,398,0,0,0,0,0.542591,0
false,ONE_PC,0.5,0.05,0,WAIT_DIE,2,1000,21298.8,0,70,0.0566165,243.868,0.0293662,0.000100532,0,0,0,0.0516309,0,0,70,0,67.5125,0.000348877,0,0,0,0,0,1.01481,0.00178722,121.913,0,0,0,0,1.89889,0,0.000312887,6.117e-05,0,0,0.151946,0,0,0,0,0,0,0,0,2.07369,207.172,0.00184559,0,0.051659,0.0566165,0,0,0.000667296,0.080491,0,0,0,12,1.61931,0,16079.1,35,0,0,0,0,0,140,0,31,0,0.0172636,0,0,0,10458.9,0,18540.1,0,0,0,0,0,0,0.0785331,0.000293457,0,0,0,0,27,70,0,0,0,0,0.959444,0
false,ONE_PC,0.5,0.05,0,WAIT_DIE,4,1000,24423.6,0,125,0.0576422,159.714,0.0330248,0.000196032,0,0,0,0.0518033,0,0,125,0,118.743,0.000486889,0,0,0,0,0,1.31166,0.00321349,62.8818,0,0,0,0,2.20029,0,0.000416884,0.000126569,0,0,0.211175,0,0,0,0,0,0,0,0,4.21077,110.123,0.00288693,0,0.0572054,0.0862402,0,0,0.00122066,0.135239,0,0,0,28,3.27094,0,16946.1,75,0,0,0,0,0,272,0,51,0,0.0181919,0,0,0,11156.2,0,20815,0,0,0,0,0,0,0.169883,0.000367522,0,0,0,0,46,125,0,0,0,0,0.997748,0
false,ONE_PC,0.5,0.05,0,WAIT_DIE,8,1000,24835.9,0,231,0.0743951,208.562,0.035126,0.000398004,0,0,0,0.0517941,0,0,231,0,223.084,0.000759912,0,0,0,0,0,1.16823,0.00525289,123.907,0,0,0,0,2.03862,0,0.000649521,0.000257559,0,0,0.248908,0,0,0,0,0,0,0,0,8.28387,139.704,0.00481648,0,0.0574105,0.0744539,0,0,0.0022794,0.221476,0,0,0,46,6.55768,0,20154.7,144,0,0,0,0,0,525,0,88,0,0.0423914,0,0,0,11134.9,0,21399.4,0,0,0,0,0,0,0.319122,0.000787286,0,0,0,0,97,231,0,0,0,0,0.998573,0
false,ONE_PC,0.5,0.05,0,WAIT_DIE,16,1000,23796.9,0,500,0.059527,228.182,0.0325948,0.000814116,0,0,0,0.0517181,0,0,500,0,480.709,0.0016663,0,0,0,0,0,1.12514,0.0104597,72.677,0,0,0,0,1.62688,0,0.0014696,0.000504072,0,0,0.30449,0,0,0,0,0,0,0,0,16.6421,130.574,0.00854822,0,0.057319,0.0629769,0,0,0.0048618,0.443617,0,0,0,99,13.2081,0,18095.5,289,0,0,0,0,0,1085,0,205,0,0.0881409,0,0,0,11241.2,0,20905.9,0,0,0,0,0,0,0.631788,0.00167654,0,0,0,0,196,500,0,0,0,0,1.00517,0
false,ONE_PC,0.5,0.05,0,WAIT_DIE,32,1000,28617.4,0,848,0.0878737,797.561,0.0382086,0.00131749,0,0,0,0.0638363,0,0,848,0,793.058,0.0024585,0,0,0,0,0,1.3454,0.0206641,219.368,0,0,0,0,1.4053,0,0.00198863,0.00102008,0,0,0.391809,0,0,0,0,0,0,0,0,34.2169,230.47,0.0310691,0,0.0718656,0.107091,0,0,0.00820303,1.19537,0,0,0,177,26.5491,0,19395.9,492,0,0,0,0,0,1806,0,364,0,0.278504,0,0,0,14404.3,0,26635.2,0,0,0,0,0,0,1.21744,0.0180717,0,0,0,0,307,848,0,0,0,0,1.0258,0
false,ONE_PC,0.5,0.05,0,WAIT_DIE,64,1000,67679.5,0,535,0.339251,28036.4,0.124076,0.000773956,0,0,0,0.243259,0,0,535,0,427.37,0.00132892,0,0,0,0,0,1.02826,0.0147878,1018.33,0,0,0,0,1.05582,0,0.00107639,0.000606462,0,0,0.580743,0,0,0,0,0,0,0,0,80.1179,4215.44,0.655789,0,0.287416,0.427504,0,0,0.00507544,5.20741,0,0,0,117,48.2814,0,82995.6,298,0,0,0,0,0,1193,0,236,0,3.51477,0,0,0,25618.9,0,43508.8,0,0,0,0,0,0,3.50305,0.00103602,0,0,0,0,182,535,0,0,0,0,0.860651,0
false,ONE_PC,0.5,0.05,0,WAIT_DIE,128,1000,113224,0,362,1.31168,126438,0.28234,0.000507572,0,0,0,0.562155,0,0,362,0,241.725,0.00883179,0,0,0,0,0,95.4262,0.0910125,10251.1,0,0,0,0,1.03268,0,0.00865555,0.000448518,0,0,0.825633,0,0,0,0,0,0,0,0,191.689,32943.2,0.924082,0,0.857771,1.41871,0,0,0.0033896,17.4252,0,0,0,72,51.67,0,198553,178,0,0,0,0,0,772,0,164,0,21.5896,0,0,0,32437.2,0,50930.3,0,0,0,0,0,0,8.17979,0.000746454,0,0,0,0,126,362,0,0,0,0,0.77453,0
false,TWO_PC,0.5,0.05,0,WAIT_DIE,2,1000,22765.4,0,51,0.0891203,159.392,0.0406841,7.7488e-05,0,0,0,0.07205,0,0,51,0,47.8467,0.000203361,0,0,0,0,0,9115.73,0.00144421,56.7573,0,0,0,0,3.67234,0,0.0001872,6.908e-05,0,0,0.156426,0,0,0,0,0,0,0,0,2.13181,108.802,0.00505017,0,0.0836737,0.0891203,0,0,0.000506768,0.0888989,0,0,0,7,1.62817,0,16963.7,28,0,0,0,0,0,120,0,24,0,0.00755007,0,0,0,12325.4,0,19888,0,0,0,0,0,0,0.0882002,0.000185078,0,0,0,0,20,51,0,0,0,0,0.986908,0
false,TWO_PC,0.5,0.05,0,WAIT_DIE,4,1000,24534.2,0,98,0.0856651,237.744,0.0420324,0.00015854,0,0,0,0.0776777,0,0,98,0,91.1641,0.000302911,0,0,0,0,0,7997.66,0.00230737,102.725,0,0,0,0,2.09208,0,0.000260456,7.7082e-05,0,0,0.215771,0,0,0,0,0,0,0,0,4.29994,183.365,0.00272772,0,0.0833574,0.0856651,0,0,0.00095878,0.146627,0,0,0,21,3.26776,0,17600,57,0,0,0,0,0,227,0,41,0,0.0224624,0,0,0,12827.2,0,21717.6,0,0,0,0,0,0,0.18278,0.000226176,0,0,0,0,36,98,0,0,0,0,1.01986,0
false,TWO_PC,0.5,0.05,0,WAIT_DIE,8,1000,26722,0,170,0.160406,174.481,0.0481115,0.000300852,0,0,0,0.0829933,0,0,170,0,164.155,0.000543528,0,0,0,0,0,9647.04,0.00360086,71.5068,0,0,0,0,1.96858,0,0.000481375,0.000125157,0,0,0.246108,0,0,0,0,0,0,0,0,8.28484,88.4536,0.00664092,0,0.111587,0.168519,0,0,0.00169337,0.221709,0,0,0,31,6.57022,0,21534.2,105,0,0,0,0,0,423,0,65,0,0.0216053,0,0,0,13321.6,0,23503.1,0,0,0,0,0,0,0.321924,0.000366662,0,0,0,0,74,170,0,0,0,0,1.00086,0
false,TWO_PC,0.5,0.05,0,WAIT_DIE,16,1000,24859.5,0,359,0.110341,596.351,0.0457409,0.00059878,0,0,0,0.0816681,0,0,359,0,333.817,0.00111226,0,0,0,0,0,8476.53,0.0075171,66.7663,0,0,0,0,1.55835,0,0.00100025,0.000319609,0,0,0.375971,0,0,0,0,0,0,0,0,17.207,97.9078,0.00621961,0,0.0904393,0.129309,0,0,0.00350186,0.541736,0,0,0,63,13.4201,0,22937.7,209,0,0,0,0,0,860,0,149,0,0.0513505,0,0,0,12079.8,0,20464.8,0,0,0,0,0,0,0.66557,0.000497445,0,0,0,0,147,359,0,0,0,0,1.03204,0
false,TWO_PC,0.5,0.05,0,WAIT_DIE,32,1000,26645.2,0,695,0.123693,1255.73,0.047471,0.00105141,0,0,0,0.0943652,0,0,695,0,644.208,0.00192236,0,0,0,0,0,8918.07,0.0206729,117.669,0,0,0,0,1.51553,0,0.00154636,0.00102953,0,0,0.46279,0,0,0,0,0,0,0,0,34.523,120.695,0.0123975,0,0.0962391,0.159557,0,0,0.00670643,1.20853,0,0,0,133,26.8998,0,21644,388,0,0,0,1,0,1590,0,311,0,0.129924,0,0,0,14173.3,0,23511.8,0,0,103.027,1,0,0,1.25005,0.00151571,0,0,0,0,251,695,0,0,0,0,1.03532,0
false,TWO_PC,0.5,0.05,0,WAIT_DIE,64,1000,53361.5,0,619,0.327153,19418.9,0.106558,0.000905516,0,0,0,0.227334,0,0,619,0,502.166,0.00163339,0,0,0,0,0,12017.5,0.0135471,1038.33,0,0,0,0,1.43042,0,0.00133432,0.000792016,0,0,0.542751,0,0,0,0,0,0,0,0,78.8903,2954.5,0.317347,0,0.259253,0.392477,0,0,0.00591217,5.36833,0,0,0,134,48.2597,0,62088.4,346,0,0,0,0,0,1394,0,268,0,3.45881,0,0,0,21673.1,0,36797,0,0,0,0,0,0,3.21647,0.00146828,0,0,0,0,217,619,0,0,0,0,1.02939,0
false,TWO_PC,0.5,0.05,0,WAIT_DIE,128,1000,104908,0,344,1.33609,140706,0.299069,0.000412376,0,0,71,0.622223,0,0,344,0,233.031,0.00078249,0,71,0,0,0,14411,0.0577374,37746.1,0.0309537,0,0,0,1.24326,0,0.00062961,0.000351544,0,0,0.730391,0,0,0,0,0,0,0,0,188.953,43160.7,0.738244,0,1.0056,1.48005,0,0,0.00313642,17.5071,0,0,0,73,49.0177,0,192608,151,0,0,0,0,71,682,0,172,0,23.2736,0,0,0,32632.2,0,50554.5,0,0,0,0,0,0,7.79599,0.000716378,0,71,0,0,99,344,106.665,0,0,71,0.89617,0
