log_size,num_log_yes,99%_latency,execute_phase (in us),average_latency,ZIPF_THETA,bytes_received,int_aborts_maat_resolve_failure,cache,prepare_phase_1 (in us),num_aborts_restart,90%_latency,num_cache_misses,NUM_SERVER_THREADS,num_cache_remove,num_home_txn,time_waiting_for_job,Throughput,time_write_queue,time_debug3,num_aborts_execute,int_aborts_ws2,dummy_bytes_sent,PERC_REMOTE,num_cache_evictions,network (in us),commit_phase (in us),time_send_msg,CC (index) (in us),CC_ALG,time_abort_queue,int_urgentwrite,num_aborts_terminate,num_local_hits,time_input_idle,time_debug6,time_debug7,time_debug4,time_debug5,time_debug2,time_read_queue,time_debug1,int_aborts_maat_resolve_no_feasibles,LOG_NODE,int_saved_by_hist,int_debug5,int_aborts_rs3,int_aborts_rs2,int_aborts_rs1,int_debug4,run_time,logic (in us),time_recv_msg,num_cache_hits,95%_latency,max_latency,num_aborts_signal,num_aborts_ws,bytes_sent,time_read_input_queue,int_aborts_ws1,num_ro_read,int_aborts_maat_empty_interval_after_adjustment,num_remote_readonly_txn,time_idle,num_aborts_remote,num_remote_txn,int_debug6,num_cache_reads,num_ro_check,int_debug3,int_debug2,int_debug1,num_cache_bypass,num_local_txn,int_aborts_maat_adjust_others_failure,time_process_txn,int_inevitable,lock_phase (in us),num_cache_inserts,network_log (in us),COMMIT_ALG,num_cache_updates,total_log_yes (in us),num_renew_success,int_possibMVCC,wait (in us),num_waits,num_renew_failure,num_rw_check,time_wait_buffer,READ_PERC,time_write_output_queue,CC (row) (in us),num_aborts_rs,num_renew,num_no_need_to_renewal,num_remote_write_txn,num_commits,abort (in us),num_renewals,num_rw_read,num_aborts,time_output_idle,prepare_phase_2 (in us),num_pre_aborts
0,9435,0.00491942,96.2891,0.0026953,0,0.00311353,0,0,2597.79,15,0.00384259,0,28,0,9435,0,9400.88,0.00910364,0,15,0,0,0.01,0,571.88,0.202794,0.0774011,13.3984,WAIT_DIE,0.00475053,0,0,0,1.49023,0,0.00707764,0.00338704,0,0,0.345979,0,0,false,0,0,0,0,0,0,28.1016,33.1149,0.0594542,0,0.00404499,0.00977505,0,0,0.0807007,0.781388,0,0,0,656,23.1955,0,1377,0,0,0,0,15,12227,0,8058,0,0.484653,0,0,0,2090.42,ONE_PC,0,2540.81,0,0,0,0,0,0,0.813698,0.5,0.00683664,0,15,0,0,721,9435,0.978845,0,0,15,0.893182,0.0418225,0
0,8429,0.007193,333.817,0.00284526,0,0.00510896,0,0,2509.97,17,0.00390634,0,28,0,8429,0,8306.59,0.0147861,0,17,0,0,0.02,0,1146.15,0.441512,0.112947,154.771,WAIT_DIE,0.00643653,0,0,0,1.36598,0,0.0120463,0.00621429,0,0,0.350072,0,0,false,0,0,0,0,0,0,28.4126,176.173,0.0886151,0,0.00428159,0.0554762,0,7,0.0739261,0.847481,0,0,0,1054,22.0037,0,2256,0,0,0,0,17,12823,0,6154,0,1.74483,0,0,0,1641.94,ONE_PC,0,2259.4,0,0,0,0,0,0,0.853141,0.5,0.0117449,0,10,0,0,1221,8429,0.926724,0,0,17,0.855786,0.0989184,0
0,7020,0.018352,456.881,0.00321985,0,0.00845242,0,0,2761.52,1,0.00385111,0,28,0,7020,0,6743.84,0.0190911,0,1,0,0,0.04,0,1899.88,0.754509,0.131309,173.05,WAIT_DIE,0.000538236,0,0,0,1.39939,0,0.0153239,0.00735485,0,0,0.423436,0,0,false,0,0,0,0,0,0,29.1466,188.566,0.114977,0,0.00426809,0.0638335,0,0,0.0661265,0.914809,0,0,0,1457,22.0814,0,3445,0,0,0,0,5,13520,0,3606,0,1.59014,0,0,0,1467.1,ONE_PC,0,2449.18,0,0,0,0,0,0,0.971352,0.5,0.0133041,0,5,0,0,1957,7020,0.550586,0,0,1,0.756596,0.142824,0
0,6665,0.0117841,413.258,0.00317096,0,0.0114342,0,0,2755.7,5,0.00387431,0,28,0,6665,0,6633.39,0.0202905,0,5,0,0,0.06,0,2443.46,1.03152,0.155466,75.0574,WAIT_DIE,0.00252496,0,0,0,1.29701,0,0.0167066,0.00861515,0,0,0.326004,0,0,false,0,0,0,0,0,0,28.1334,118.07,0.125707,0,0.00463807,0.0636448,0,1,0.0660773,0.81203,0,0,0,1632,22.6421,0,4206,0,0,0,0,5,14930,0,2514,0,1.04145,0,0,0,1234.95,ONE_PC,0,2324.36,0,0,0,0,0,0,0.803372,0.5,0.0160946,0,4,0,0,2519,6665,0.815805,0,0,5,0.750795,0.162629,0
0,6433,0.0068112,381.925,0.00320918,0,0.0146166,0,0,2824.41,9,0.00404205,0,28,0,6433,0,6331.64,0.0233025,0,9,0,0,0.08,0,2924.04,1.29615,0.144087,40.0075,WAIT_DIE,0.00414812,0,0,0,1.40435,0,0.0185598,0.00959693,0,0,0.335456,0,0,false,0,0,0,0,0,0,28.4482,124.496,0.151678,0,0.00498744,0.0102432,0,1,0.0673933,0.83858,0,0,0,1643,22.6629,0,4876,0,0,0,0,9,16193,0,1706,0,1.08797,0,0,0,996.396,ONE_PC,0,2054.82,0,0,0,0,0,0,0.862092,0.5,0.0170875,0,8,0,0,3084,6433,1.37676,0,0,9,0.817388,0.169894,0
0,6232,0.00707952,406.571,0.00320303,0,0.0171735,0,0,2794.14,1,0.00381589,0,28,0,6232,0,6203.25,0.0266371,0,1,0,0,0.1,0,3221.89,1.53633,0.180946,184.363,WAIT_DIE,0.000104508,0,0,0,1.30192,0,0.0212698,0.00967252,0,0,0.321371,0,0,false,0,0,0,0,0,0,28.1298,190.492,0.166902,0,0.00424453,0.021214,0,1,0.0678238,0.791355,0,0,0,1559,22.2675,0,4998,0,0,0,2,1,16213,0,1163,0,1.53322,0,0,0,983.039,ONE_PC,0,2130.1,0,0,0.250563,2,0,0,0.811919,0.5,0.0191171,0,0,0,0,3510,6232,0.616138,0,0,1,0.765943,0.170387,0
0,8555,0.00770481,185.861,0.00302959,0,0.00279432,0,0,2657.29,10,0.00430672,0,28,0,8555,0,8434.15,0.00977809,0,10,0,0,0.01,0,555.418,185.847,0.0937432,67.6713,WAIT_DIE,0.00270868,0,0,0,1.36437,0,0.00772287,0.00463875,0,0,0.347807,0,0,false,0,0,0,0,0,0,28.4012,119.009,0.068528,0,0.00589444,0.0224082,0,0,0.0732726,0.741629,0,0,0,595,22.5302,0,1260,0,0,0,0,10,11109,0,7320,0,1.24066,0,0,0,2134.11,TWO_PC,0,2591.92,0,0,0,0,0,0,0.871209,0.5,0.00941554,0,10,0,0,640,8555,0.418526,0,0,10,0.879631,0.16981,0
0,7465,0.0186121,307.366,0.00333434,0,0.0045638,0,0,2663.7,17,0.00569252,0,28,0,7465,0,7362.92,0.0137994,0,17,0,0,0.02,0,997.178,361.863,0.0995381,165.216,WAIT_DIE,0.0074521,0,0,0,1.42279,0,0.0110325,0.005056,0,0,0.357005,0,0,false,0,0,0,0,0,0,28.3882,186.672,0.0806765,0,0.0059089,0.0558639,0,9,0.0655665,0.749281,0,0,0,933,22.1284,0,2074,0,0,0,0,17,11715,0,5454,0,1.61864,0,0,0,1821.33,TWO_PC,0,2502.42,0,0,0,0,0,0,0.840559,0.5,0.00992063,0,8,0,0,1078,7465,1.22166,0,0,17,0.793159,0.187384,0
0,6900,0.00741618,324.323,0.00334731,0,0.00828191,0,0,2465.69,0,0.00553331,0,28,0,6900,0,6861.72,0.0173601,0,0,0,0,0.04,0,1730.86,557.081,0.139298,163.815,WAIT_DIE,0,0,0,0,1.39584,0,0.0140382,0.00748949,0,0,0.3346,0,0,false,0,0,0,0,0,0,28.1562,180.406,0.101586,0,0.005841,0.0212071,0,0,0.06497,0.712907,0,0,0,1429,22.3002,0,3352,0,0,0,0,0,14098,0,3547,0,1.50267,0,0,0,1278.18,TWO_PC,0,2059.68,0,0,0,0,0,0,0.826094,0.5,0.0142752,0,0,0,0,1924,6900,0,0,0,0,0.81685,0.218484,0
0,5868,0.0174483,412.425,0.00374706,0,0.0100595,0,0,2597.44,0,0.0055182,0,28,0,5868,0,5770.7,0.0192431,0,0,0,0,0.06,0,2403.68,736.96,0.122951,176.164,WAIT_DIE,0,0,0,0,1.31997,0,0.0153523,0.00710971,0,0,0.346505,0,0,false,0,0,0,0,0,0,28.4721,188.483,0.118311,0,0.00643766,0.051913,0,3,0.0580999,0.773139,0,0,0,1421,22.4009,0,3662,0,0,0,1,3,13993,0,2215,0,1.36453,0,0,0,1171.94,TWO_PC,0,2062.44,0,0,0.466129,1,0,0,0.871624,0.5,0.014567,0,0,0,0,2232,5868,0,0,0,0,0.841461,0.241451,0
0,5585,0.0072744,335.641,0.00381873,0,0.0124767,0,0,2551.13,1,0.00560779,0,28,0,5585,0,5485.49,0.0200001,0,1,0,0,0.08,0,2641.55,930.626,0.147262,174.24,WAIT_DIE,0.000793056,0,0,0,1.32191,0,0.0159356,0.00796828,0,0,0.335956,0,0,false,0,0,0,0,0,0,28.5079,182.276,0.131494,0,0.00619505,0.0230808,0,1,0.0580232,0.779126,0,0,0,1423,22.3566,0,4061,0,0,0,1,1,14953,0,1500,0,1.29579,0,0,0,1116,TWO_PC,0,2061.58,0,0,1.23468,1,0,0,0.873362,0.5,0.0159239,0,0,0,0,2662,5585,1.07084,0,0,1,0.819524,0.256744,0
0,4851,0.0088958,418.95,0.00437999,0,0.013486,0,0,2855.05,1,0.00576227,0,28,0,4851,0,4764.64,0.0182515,0,1,0,0,0.1,0,3331.84,1104.76,0.13656,66.0136,WAIT_DIE,1.6466e-05,0,0,0,1.34331,0,0.0150524,0.00757782,0,0,0.334249,0,0,false,0,0,0,0,0,0,28.5075,97.5357,0.127374,0,0.00652135,0.0653221,0,0,0.0529293,0.749955,0,0,0,1236,23.0248,0,3954,0,0,0,0,1,14286,0,866,0,0.686469,0,0,0,1097.83,TWO_PC,0,2132.14,0,0,0,0,0,0,0.883791,0.5,0.0149369,0,1,0,0,2749,4851,0.986917,0,0,1,0.832497,0.240555,0
0,9009,0.00538634,186.786,0.00284744,0,0.00297338,0,0,2659.5,16,0.00391065,0,28,0,9009,0,8862.63,0.0114726,0,16,0,0,0.01,0,546.028,0.297612,0.0947065,41.8928,WAIT_DIE,0.00575185,0,0,0,1.48092,0,0.00931208,0.00467518,0,0,0.349709,0,0,false,0,0,0,0,0,0,28.4624,142.544,0.0896812,0,0.00402857,0.00840689,0,17,0.0770854,0.811778,0,0,0,631,22.2964,0,1347,0,0,0,0,20,11662,0,7698,0,1.53198,0,0,0,2132.45,ONE_PC,0,2604.39,0,0,0,0,0,0,0.856875,0.5,0.00918246,0,3,0,0,680,9009,0.78465,0,0,16,0.881072,0.0713394,0
0,8782,0.00605328,184.459,0.00272461,0,0.00534951,0,0,2538.92,11,0.00384057,0,28,0,8782,0,8741.55,0.0133382,0,11,0,0,0.02,0,1042,0.410595,0.0834117,41.7858,WAIT_DIE,0.00529792,0,0,0,1.40405,0,0.0109771,0.00375305,0,0,0.268272,0,0,false,0,0,0,0,0,0,28.1296,65.8652,0.0953977,0,0.00410707,0.0187351,0,5,0.077033,0.791644,0,0,0,1111,22.9686,0,2343,0,0,0,0,11,13438,0,6383,0,0.792449,0,0,0,1729.63,ONE_PC,0,2391.18,0,0,0,0,0,0,0.802015,0.5,0.0107459,0,6,0,0,1288,8782,0.727779,0,0,11,0.886353,0.084894,0
0,7150,0.0185265,430.802,0.00313183,0,0.00856973,0,0,2699.56,8,0.00393757,0,28,0,7150,0,7117.06,0.0170605,0,8,0,0,0.04,0,2093.61,0.754701,0.126891,32.7743,WAIT_DIE,0.00338225,0,0,0,1.40916,0,0.0139935,0.0072241,0,0,0.336548,0,0,false,0,0,0,0,0,0,28.1296,104.435,0.110808,0,0.0042091,0.087669,0,0,0.067205,0.790343,0,0,0,1492,22.7724,0,3466,0,0,0,0,8,13820,0,3674,0,0.976583,0,0,0,1236.4,ONE_PC,0,2083.46,0,0,0,0,0,0,0.807922,0.5,0.0135903,0,8,0,0,1984,7150,0.57253,0,0,8,0.829836,0.135885,0
0,7119,0.00658498,340.234,0.00302578,0,0.0121458,0,0,2683.16,12,0.00383462,0,28,0,7119,0,7088.75,0.0219813,0,12,0,0,0.06,0,2224.66,1.01374,0.154649,42.3565,WAIT_DIE,0.00432645,0,0,0,1.47097,0,0.0180685,0.00934656,0,0,0.329093,0,0,false,0,0,0,0,0,0,28.1195,146.068,0.137702,0,0.00420314,0.031319,0,0,0.0703576,0.794429,0,0,0,1763,22.3687,0,4433,0,0,0,2,12,15656,0,2675,0,1.35567,0,0,0,1190.07,ONE_PC,0,2250.96,0,0,0.602059,2,0,0,0.805659,0.5,0.0161647,0,12,0,0,2681,7119,1.21373,0,0,12,0.797848,0.157438,0
0,6610,0.00643333,367.519,0.00311915,0,0.0148605,0,0,2750.21,0,0.00387289,0,28,0,6610,0,6470.04,0.0225124,0,0,0,0,0.08,0,2775.12,1.25883,0.150712,37.0496,WAIT_DIE,0,0,0,0,1.47419,0,0.0184494,0.00917844,0,0,0.335429,0,0,false,0,0,0,0,0,0,28.6057,113.815,0.145463,0,0.00429115,0.0169528,0,0,0.0688376,0.85331,0,0,0,1695,22.704,0,4864,0,0,0,0,0,16168,0,1752,0,1.03383,0,0,0,1074.74,ONE_PC,0,2218.12,0,0,0,0,0,0,0.883878,0.5,0.017424,0,0,0,0,3163,6610,0,0,0,0,0.818473,0.165803,0
0,6379,0.00593393,430.259,0.00316943,0,0.0175292,0,0,2735.72,7,0.00380732,0,28,0,6379,0,6267.17,0.0249127,0,7,0,0,0.1,0,3149.96,1.53682,0.163555,186.331,WAIT_DIE,0.00368376,0,0,0,1.22868,0,0.020546,0.010517,0,0,0.335492,0,0,false,0,0,0,0,0,0,28.4996,191.344,0.143019,0,0.00477934,0.016439,0,2,0.0692482,0.834668,0,0,0,1599,22.1504,0,5081,0,0,0,0,8,16484,0,1184,0,1.57379,0,0,0,949.426,ONE_PC,0,2060.1,0,0,0,0,0,0,0.871666,0.5,0.0194644,0,6,0,0,3596,6379,1.72729,0,0,7,0.792936,0.183237,0
0,9035,0.00730294,218.435,0.0028837,0,0.00293597,0,0,2486.3,11,0.00402853,0,28,0,9035,0,8990.16,0.0113871,0,11,0,0,0.01,0,528.007,178.176,0.120239,133.945,WAIT_DIE,0.00469897,0,0,0,1.33537,0,0.00925497,0.00657343,0,0,0.403954,0,0,false,0,0,0,0,0,0,28.1397,157.765,0.0620033,0,0.00547419,0.0323833,0,4,0.0771715,0.689757,0,0,0,628,22.1587,0,1318,0,0,0,0,11,11706,0,7732,0,1.68712,0,0,0,1982.19,TWO_PC,0,2396.47,0,0,0,0,0,0,0.80707,0.5,0.0099965,0,7,0,0,675,9035,0.644367,0,0,11,0.83858,0.137208,0
0,8316,0.00698947,275.679,0.00294727,0,0.00504247,0,0,2354.8,12,0.00520921,0,28,0,8316,0,8203.76,0.0138568,0,12,0,0,0.02,0,989.307,315.763,0.12143,155.783,WAIT_DIE,0.00544145,0,0,0,1.44654,0,0.0109478,0.00600777,0,0,0.345625,0,0,false,0,0,0,0,0,0,28.3831,177.277,0.0800926,0,0.00589261,0.0206255,0,0,0.072964,0.751821,0,0,0,1044,22.0582,0,2231,0,0,0,0,12,12946,0,6062,0,1.72274,0,0,0,1587.28,TWO_PC,0,2161.31,0,0,0,0,0,0,0.855157,0.5,0.0116035,0,12,0,0,1210,8316,0.850811,0,0,12,0.846224,0.182933,0
0,6618,0.0124729,401.572,0.00354191,0,0.00797767,0,0,2581.01,0,0.00544634,0,28,0,6618,0,6524.17,0.0174585,0,0,0,0,0.04,0,1800.8,559.102,0.119084,179.23,WAIT_DIE,0,0,0,0,1.35984,0,0.0142946,0.00663789,0,0,0.349138,0,0,false,0,0,0,0,0,0,28.4027,191.015,0.137455,0,0.00589875,0.0647843,0,0,0.062383,0.767417,0,0,0,1367,22.1835,0,3245,0,0,0,0,0,13579,0,3401,0,1.56715,0,0,0,1307.92,TWO_PC,0,2129.85,0,0,0,0,0,0,0.850407,0.5,0.0136645,0,0,0,0,1850,6618,0,0,0,0,0.845048,0.234009,0
0,5754,0.0107166,332.688,0.00383821,0,0.00984331,0,0,2687.12,1,0.00578777,0,28,0,5754,0,5724.95,0.0162051,0,1,0,0,0.06,0,2363.82,817.153,0.120067,40.2751,WAIT_DIE,0.000281806,0,0,0,1.38371,0,0.0132888,0.00691031,0,0,0.339292,0,0,false,0,0,0,0,0,0,28.1421,137.448,0.138861,0,0.00663697,0.0571931,0,2,0.0568892,0.709702,0,0,0,1385,22.6725,0,3574,0,0,0,0,3,13709,0,2174,0,1.02413,0,0,0,1260.65,TWO_PC,0,2191.07,0,0,0,0,0,0,0.815179,0.5,0.0139172,0,1,0,0,2195,5754,1.02002,0,0,1,0.838508,0.233115,0
0,5448,0.00745675,345.525,0.00392757,0,0.012216,0,0,2670.35,4,0.00586689,0,28,0,5448,0,5357.06,0.0188399,0,4,0,0,0.08,0,2852.77,910.019,0.13283,40.4262,WAIT_DIE,0.00200517,0,0,0,1.44126,0,0.0148531,0.0074687,0,0,0.339775,0,0,false,0,0,0,0,0,0,28.4753,127.406,0.137987,0,0.00637797,0.0203615,0,1,0.0567599,0.748583,0,0,0,1389,22.8284,0,4028,0,0,0,1,4,14696,0,1463,0,0.932465,0,0,0,1090.56,TWO_PC,0,2035.92,0,0,0.641596,1,0,0,0.876632,0.5,0.0142014,0,3,0,0,2596,5448,1.44477,0,0,4,0.835938,0.227817,0
0,5162,0.00766278,331.808,0.00403863,0,0.0143614,0,0,2619.14,1,0.00580999,0,28,0,5162,0,5105.54,0.0180765,0,1,0,0,0.1,0,3078.86,1086.81,0.123452,45.8254,WAIT_DIE,1.1154e-05,0,0,0,1.32928,0,0.0149407,0.00756998,0,0,0.333519,0,0,false,0,0,0,0,0,0,28.3096,64.573,0.115586,0,0.00646082,0.0198782,0,0,0.0563597,0.716431,0,0,0,1313,23.1334,0,4239,0,0,0,1,1,15233,0,935,0,0.538235,0,0,0,1086.29,TWO_PC,0,2122.38,0,0,0.555642,1,0,0,0.848035,0.5,0.0147856,0,1,0,0,2914,5162,0.653883,0,0,1,0.840056,0.207939,0
0,8938,0.00473101,228.291,0.00288673,0,0.0029382,0,0,2658.08,0,0.00392938,0,28,0,8938,0,8739.51,0.0110649,0,0,0,0,0.01,0,532.912,0.288475,0.0897252,160.645,WAIT_DIE,0,0,0,0,1.34734,0,0.00884474,0.00447687,0,0,0.356453,0,0,false,0,0,0,0,0,0,28.6359,186.124,0.0678143,0,0.00403959,0.0213231,0,0,0.076509,0.833853,0,0,0,616,21.9542,0,1333,0,0,0,0,0,11552,0,7653,0,1.91123,0,0,0,2115.47,ONE_PC,0,2589.01,0,0,0,0,0,0,0.876982,0.5,0.0086085,0,0,0,0,669,8938,0,0,0,0,0.877542,0.0671527,0
0,8374,0.00713347,246.587,0.00286668,0,0.00510578,0,0,2618.46,11,0.0038627,0,28,0,8374,0,8259.3,0.013943,0,11,0,0,0.02,0,1078.22,0.451728,0.135286,64.7565,WAIT_DIE,0.00425995,0,0,0,1.42163,0,0.0110674,0.00544521,0,0,0.331854,0,0,false,0,0,0,0,0,0,28.3888,102.243,0.0796262,0,0.00414343,0.0463134,0,2,0.0734904,0.815419,0,0,0,1062,22.6878,0,2268,0,0,0,1,11,12806,0,6094,0,1.08479,0,0,0,1784.79,ONE_PC,0,2474.15,0,0,0.000582756,1,0,0,0.850972,0.5,0.0112913,0,9,0,0,1218,8374,1.09038,0,0,11,0.831625,0.0897628,0
0,8008,0.00503999,319.519,0.00280673,0,0.00963691,0,0,2485.79,7,0.00380468,0,28,0,8008,0,7971.1,0.0208347,0,7,0,0,0.04,0,1706.08,0.777924,0.148298,162.417,WAIT_DIE,0.00317453,0,0,0,1.32645,0,0.0171857,0.00854066,0,0,0.333551,0,0,false,0,0,0,0,0,0,28.1296,179.283,0.118321,0,0.00399331,0.019322,0,0,0.075402,0.78766,0,0,0,1671,22.0916,0,3917,0,0,0,0,7,15414,0,4101,0,1.73271,0,0,0,1236.4,ONE_PC,0,2101.11,0,0,0,0,0,0,0.810967,0.5,0.016524,0,7,0,0,2236,8008,0.497794,0,0,7,0.801249,0.144617,0
0,6323,0.018406,498.614,0.00335934,0,0.0108395,0,0,2859.12,1,0.00404772,0,28,0,6323,0,6229.23,0.0194929,0,1,0,0,0.06,0,2619.96,1.07498,0.171043,177.931,WAIT_DIE,0.000257392,0,0,0,1.30779,0,0.0156497,0.00870638,0,0,0.362321,0,0,false,0,0,0,0,0,0,28.4215,190.657,0.121084,0,0.00485263,0.0718138,0,0,0.0626688,0.818229,0,0,0,1538,22.2956,0,3959,0,0,0,0,1,14046,0,2386,0,1.48182,0,0,0,1263.61,ONE_PC,0,2339.23,0,0,0,0,0,0,0.842702,0.5,0.0151269,0,1,0,0,2399,6323,0.360783,0,0,1,0.72541,0.173027,0
0,6524,0.00718144,431.902,0.00317887,0,0.014657,0,0,2744.15,7,0.00380992,0,28,0,6524,0,6484.57,0.0235446,0,7,0,0,0.08,0,2824.37,1.27614,0.11683,40.9323,WAIT_DIE,0.00328005,0,0,0,1.38419,0,0.0187223,0.00649129,0,0,0.265517,0,0,false,0,0,0,0,0,0,28.1703,128.674,0.153083,0,0.00463715,0.0353274,0,1,0.0679505,0.808787,0,0,0,1671,22.6599,0,4799,0,0,0,0,7,15995,0,1737,0,1.13444,0,0,0,1058.67,ONE_PC,0,2191.59,0,0,0,0,0,0,0.811174,0.5,0.0176079,0,6,0,0,3116,6524,1.3776,0,0,7,0.839832,0.166119,0
0,6381,0.00635748,436.197,0.00316732,0,0.0177664,0,0,2727.9,3,0.00383416,0,28,0,6381,0,6346.66,0.025046,0,3,0,0,0.1,0,3190.5,1.49154,0.156131,42.3488,WAIT_DIE,0.0014319,0,0,0,1.39126,0,0.0199377,0.00996106,0,0,0.333356,0,0,false,0,0,0,0,0,0,28.1515,130.775,0.155788,0,0.00438574,0.0187026,0,1,0.0698222,0.799114,0,0,0,1597,22.6212,0,5273,0,0,0,0,3,17189,0,1182,0,1.14853,0,0,0,942.225,ONE_PC,0,2057,0,0,0,0,0,0,0.812061,0.5,0.0184696,0,2,0,0,3602,6381,1.56408,0,0,3,0.79076,0.166702,0
0,8794,0.00754111,198.442,0.00295824,0,0.00289155,0,0,2575.04,15,0.00401657,0,28,0,8794,0,8751.85,0.00991329,0,15,0,0,0.01,0,537.567,182.739,0.0897754,41.4574,WAIT_DIE,0.00755721,0,0,0,1.5035,0,0.00795492,0.00462186,0,0,0.348157,0,0,false,0,0,0,0,0,0,28.1348,139.967,0.0753718,0,0.00573578,0.0301701,0,5,0.0752623,0.688539,0,0,0,616,22.3667,0,1297,0,0,0,0,15,11430,0,7514,0,1.46637,0,0,0,2063.43,TWO_PC,0,2505.76,0,0,0,0,0,0,0.810079,0.5,0.00939742,0,10,0,0,664,8794,1.86037,0,0,15,0.875031,0.160616,0
0,8245,0.00746182,225.83,0.00298028,0,0.00503529,0,0,2423.61,28,0.00549577,0,28,0,8245,0,8182.39,0.0139288,0,28,0,0,0.02,0,985.181,328.454,0.105646,39.0231,WAIT_DIE,0.0111592,0,0,0,1.42391,0,0.0109586,0.00573778,0,0,0.344678,0,0,false,0,0,0,0,0,0,28.2143,130.442,0.0882729,0,0.00574609,0.0209352,0,28,0.0723441,0.703962,0,0,0,1037,22.4775,0,2226,0,0,0,0,28,12875,0,6003,0,1.31359,0,0,0,1635.28,TWO_PC,0,2231.08,0,0,0,0,0,0,0.824906,0.5,0.0112177,0,0,0,0,1205,8245,2.18873,0,0,28,0.857562,0.203026,0
0,6791,0.00861363,326.724,0.00339093,0,0.00817506,0,0,2472.69,8,0.00545428,0,28,0,6791,0,6756.46,0.0165069,0,8,0,0,0.04,0,1727.75,589.721,0.127942,41.1734,WAIT_DIE,0.00377115,0,0,0,1.4377,0,0.013552,0.00672248,0,0,0.339057,0,0,false,0,0,0,0,0,0,28.1431,145.429,0.112334,0,0.00622304,0.045286,0,14,0.0639715,0.698862,0,0,0,1410,22.4745,0,3312,0,0,0,0,15,13889,0,3483,0,1.2465,0,0,0,1314.33,TWO_PC,0,2103.45,0,0,0,0,0,0,0.810195,0.5,0.0132666,0,1,0,0,1898,6791,1.57728,0,0,8,0.82943,0.218777,0
0,5559,0.0206803,411.565,0.00403995,0,0.00953748,0,0,2722.88,3,0.00574412,0,28,0,5559,0,5467.54,0.0149046,0,3,0,0,0.06,0,2419.3,905.107,0.131194,48.4526,WAIT_DIE,0.00074595,0,0,0,1.41118,0,0.0122057,0.0381299,0,0,0.385863,0,0,false,0,0,0,0,0,0,28.4684,66.4318,0.103175,0,0.00656204,0.0957603,0,0,0.0550669,0.757563,0,0,0,1346,23.0085,0,3484,0,0,0,1,3,13279,0,2101,0,0.562241,0,0,0,1335.35,TWO_PC,0,2289.01,0,0,0.153265,1,0,0,0.879026,0.5,0.0121847,0,3,0,0,2112,5559,0.174142,0,0,3,0.778995,0.218998,0
0,5476,0.00810755,365.509,0.00398497,0,0.0121941,0,0,2646.72,1,0.00579676,0,28,0,5476,0,5437.03,0.019481,0,1,0,0,0.08,0,2680.01,971.504,0.123674,177.88,WAIT_DIE,0.000323992,0,0,0,1.31475,0,0.0155081,0.00700586,0,0,0.325323,0,0,false,0,0,0,0,0,0,28.2007,180.441,0.129576,0,0.00635482,0.020079,0,0,0.0567987,0.713967,0,0,0,1408,22.4516,0,3965,0,0,0,0,1,14614,0,1464,0,1.30274,0,0,0,1193.68,TWO_PC,0,2218.37,0,0,0,0,0,0,0.826224,0.5,0.0152841,0,1,0,0,2604,5476,0.982975,0,0,1,0.833527,0.256894,0
0,4814,0.0194259,496.785,0.00440934,0,0.0134704,0,0,2807.3,4,0.00605506,0,28,0,4814,0,4780.87,0.0197111,0,4,0,0,0.1,0,3408.49,1103.22,0.156269,41.2593,WAIT_DIE,0.00116258,0,0,0,1.40222,0,0.0171261,0.0391518,0,0,0.338801,0,0,false,0,0,0,0,0,0,28.1941,133.312,0.10386,0,0.00706846,0.095664,0,0,0.0527514,0.718115,0,0,0,1227,22.8493,0,3993,0,0,0,2,4,14294,0,859,0,0.898393,0,0,0,1096.78,TWO_PC,0,2157.42,0,0,2.08586,2,0,0,0.817457,0.5,0.0137956,0,4,0,0,2728,4814,1.78381,0,0,4,0.789115,0.248601,0
0,8940,0.00474354,228.373,0.00286437,0,0.00291122,0,0,2635.12,10,0.00397746,0,28,0,8940,0,8906.12,0.0105024,0,10,0,0,0.01,0,565.849,0.288499,0.0944437,164.881,WAIT_DIE,0.00382028,0,0,0,1.19831,0,0.00845225,0.00488647,0,0,0.351194,0,0,false,0,0,0,0,0,0,28.1065,190.395,0.0621885,0,0.00407104,0.0202433,0,4,0.0764367,0.767732,0,0,0,622,21.9238,0,1306,0,0,0,0,10,11528,0,7650,0,1.95283,0,0,0,2092.2,ONE_PC,0,2542.52,0,0,0,0,0,0,0.796596,0.5,0.0088822,0,6,0,0,668,8940,0.519401,0,0,10,0.867313,0.0729563,0
0,8641,0.00455711,276.341,0.00279836,0,0.00523818,0,0,2520.71,5,0.00381757,0,28,0,8641,0,8494.72,0.0148262,0,5,0,0,0.02,0,1012.32,0.47211,0.121727,154.989,WAIT_DIE,0.0020164,0,0,0,1.48442,0,0.0122704,0.00610251,0,0,0.355454,0,0,false,0,0,0,0,0,0,28.4822,177.05,0.0841567,0,0.00396673,0.0403199,0,4,0.0758013,0.817491,0,0,0,1091,22.0088,0,2307,0,0,0,0,5,13072,0,6297,0,1.79486,0,0,0,1702.45,ONE_PC,0,2357.64,0,0,0,0,0,0,0.854142,0.5,0.0123783,0,1,0,0,1253,8641,0.731876,0,0,5,0.829169,0.0971949,0
0,7941,0.00682998,271.442,0.00283884,0,0.00945314,0,0,2566.54,0,0.00380386,0,28,0,7941,0,7892.78,0.0195855,0,0,0,0,0.04,0,1719.07,0.724551,0.122506,26.5777,WAIT_DIE,0,0,0,0,1.45093,0,0.0156119,0.00723283,0,0,0.337924,0,0,false,0,0,0,0,0,0,28.1711,79.2099,0.114852,0,0.00403402,0.00980642,0,0,0.0745829,0.800155,0,0,0,1663,22.8724,0,3797,0,0,0,0,0,14894,0,4075,0,0.868117,0,0,0,1286.26,ONE_PC,0,2168.68,0,0,0,0,0,0,0.819743,0.5,0.0141127,0,0,0,0,2203,7941,0,0,0,0,0.834119,0.128684,0
0,7615,0.00496577,370.059,0.0028398,0,0.0129946,0,0,2467.61,3,0.00356762,0,28,0,7615,0,7580.4,0.0242238,0,3,0,0,0.06,0,2140.39,1.06301,0.175659,174.075,WAIT_DIE,0.00108216,0,0,0,1.31479,0,0.0192092,0.00918255,0,0,0.326768,0,0,false,0,0,0,0,0,0,28.1278,190.459,0.148185,0,0.0038052,0.0217999,0,1,0.0752814,0.79866,0,0,0,1903,22.0054,0,4735,0,0,0,0,3,16426,0,2847,0,1.80049,0,0,0,1035.95,ONE_PC,0,1952.83,0,0,0,0,0,0,0.812291,0.5,0.0184132,0,2,0,0,2865,7615,0.906348,0,0,3,0.770553,0.163049,0
0,6642,0.00598149,353.972,0.00311306,0,0.0147367,0,0,2756.93,6,0.00388073,0,28,0,6642,0,6620.32,0.0227408,0,6,0,0,0.08,0,2730.07,1.29558,0.124311,41.385,WAIT_DIE,0.00373223,0,0,0,1.41351,0,0.0179365,0.00645236,0,0,0.262138,0,0,false,0,0,0,0,0,0,28.0917,132.475,0.146909,0,0.00458356,0.0188472,0,6,0.0687339,0.79141,0,0,0,1702,22.6098,0,4729,0,0,0,0,6,15833,0,1761,0,1.17558,0,0,0,1114.09,ONE_PC,0,2267.78,0,0,0,0,0,0,0.793606,0.5,0.017197,0,0,0,0,3179,6642,0.691108,0,0,6,0.830883,0.163958,0
0,6248,0.00534416,454.378,0.00321215,0,0.0172045,0,0,2755.69,4,0.00384091,0,28,0,6248,0,6215.4,0.0248051,0,4,0,0,0.1,0,3214.38,1.56323,0.179674,174.54,WAIT_DIE,0.00180989,0,0,0,1.29176,0,0.0195706,0.00977308,0,0,0.323767,0,0,false,0,0,0,0,0,0,28.1468,180.013,0.142733,0,0.00448968,0.0435415,0,0,0.0679216,0.798551,0,0,0,1584,22.3249,0,5016,0,0,0,1,4,16545,0,1162,0,1.46729,0,0,0,1021.15,ONE_PC,0,2209.84,0,0,0.575763,1,0,0,0.816351,0.5,0.0189741,0,4,0,0,3502,6248,0.35063,0,0,4,0.768123,0.173079,0
0,8587,0.00924169,211.908,0.0030186,0,0.00279199,0,0,2620.45,7,0.00446288,0,28,0,8587,0,8464.84,0.00964213,0,7,0,0,0.01,0,593.2,185.581,0.0798859,35.358,WAIT_DIE,0.00345296,0,0,0,1.48716,0,0.0078302,0.00373788,0,0,0.324882,0,0,false,0,0,0,0,0,0,28.4041,103.618,0.0779683,0,0.00586764,0.0381436,0,3,0.07344,0.720045,0,0,0,601,22.6429,0,1238,0,0,0,2,7,11113,0,7339,0,1.1146,0,0,0,2105.3,TWO_PC,0,2545.38,0,0,0.421983,2,0,0,0.852144,0.5,0.0088552,0,4,0,0,647,8587,0.487514,0,0,7,0.88639,0.173381,0
0,8001,0.00708472,274.804,0.00307069,0,0.00497317,0,0,2457.86,2,0.0056348,0,28,0,8001,0,7946.11,0.0138245,0,2,0,0,0.02,0,982.636,336.926,0.116212,163.856,WAIT_DIE,0.000986445,0,0,0,1.3841,0,0.0114877,0.00614945,0,0,0.35287,0,0,false,0,0,0,0,0,0,28.1934,185.413,0.0867303,0,0.0058692,0.0296354,0,1,0.0704649,0.705555,0,0,0,1012,22.0812,0,2270,0,0,0,1,2,12656,0,5821,0,1.72817,0,0,0,1652.31,TWO_PC,0,2282.75,0,0,0.219265,1,0,0,0.829851,0.5,0.011802,0,1,0,0,1168,8001,0.907438,0,0,2,0.841194,0.190906,0
0,6740,0.00856779,285.133,0.00342045,0,0.00815079,0,0,2550.07,18,0.0056415,0,28,0,6740,0,6639.23,0.0168491,0,18,0,0,0.04,0,1736.95,583.633,0.127878,38.8527,WAIT_DIE,0.00771741,0,0,0,1.34891,0,0.0138643,0.00708604,0,0,0.347233,0,0,false,0,0,0,0,0,0,28.425,127.944,0.103136,0,0.00601079,0.0338512,0,5,0.0636264,0.735822,0,0,0,1398,22.6561,0,3328,0,0,0,0,18,13858,0,3459,0,1.10639,0,0,0,1346.96,TWO_PC,0,2192.72,0,0,0,0,0,0,0.863403,0.5,0.0131238,0,13,0,0,1883,6740,1.3946,0,0,18,0.837007,0.220976,0
0,5924,0.00874525,298.853,0.0037574,0,0.0101589,0,0,2673.65,4,0.00572697,0,28,0,5924,0,5882.59,0.0195948,0,4,0,0,0.06,0,2254.25,784.341,0.130658,39.237,WAIT_DIE,0.00149938,0,0,0,1.42925,0,0.0155919,0.00699756,0,0,0.337059,0,0,false,0,0,0,0,0,0,28.1971,125.755,0.121529,0,0.00647922,0.0208286,0,4,0.0587142,0.759371,0,0,0,1438,22.7432,0,3707,0,0,0,1,4,14147,0,2235,0,0.977644,0,0,0,1261.98,TWO_PC,0,2234.04,0,0,1.0262,1,0,0,0.827018,0.5,0.0142803,0,0,0,0,2251,5924,0.309075,0,0,4,0.828774,0.247452,0
0,5568,0.00760007,328.743,0.00389723,0,0.0124285,0,0,2609.1,1,0.00570899,0,28,0,5568,0,5519.55,0.0197887,0,1,0,0,0.08,0,2585.98,957.97,0.146524,160.719,WAIT_DIE,0.00054423,0,0,0,1.23862,0,0.0163339,0.0076803,0,0,0.333077,0,0,false,0,0,0,0,0,0,28.2458,169.859,0.126364,0,0.00619013,0.0119211,0,1,0.0578356,0.730365,0,0,0,1420,22.5629,0,4042,0,0,0,0,3,14889,0,1499,0,1.21454,0,0,0,1181.99,TWO_PC,0,2206.92,0,0,0,0,0,0,0.838298,0.5,0.0161343,0,2,0,0,2649,5568,1.18346,0,0,1,0.811039,0.240441,0
0,5079,0.00967588,406.287,0.00413542,0,0.0140875,0,0,2647.34,6,0.00578151,0,28,0,5079,0,5038.29,0.0210391,0,6,0,0,0.1,0,3181.85,1079.76,0.144606,176.857,WAIT_DIE,0.00216692,0,0,0,1.22912,0,0.0170555,0.00773427,0,0,0.32745,0,0,false,0,0,0,0,0,0,28.2262,194.283,0.130352,0,0.00658689,0.0518123,0,0,0.0553561,0.721458,0,0,0,1295,22.4473,0,4152,0,0,0,0,6,14962,0,915,0,1.28196,0,0,0,1053.78,TWO_PC,0,2028.46,0,0,0,0,0,0,0.827274,0.5,0.0162703,0,6,0,0,2869,5079,1.77673,0,0,6,0.812786,0.255442,0
0,9134,0.00525864,189.292,0.00279327,0,0.00296594,0,0,2603.35,5,0.00386804,0,28,0,9134,0,9101.18,0.010499,0,5,0,0,0.01,0,566.935,0.307571,0.0907408,43.1496,WAIT_DIE,0.00176764,0,0,0,1.66528,0,0.00848786,0.00450597,0,0,0.350409,0,0,false,0,0,0,0,0,0,28.101,147.06,0.0679277,0,0.00407489,0.00834607,0,0,0.0780275,0.768821,0,0,0,637,22.2463,0,1288,0,0,0,0,5,11717,0,7802,0,1.59219,0,0,0,2091.29,ONE_PC,0,2529.25,0,0,0,0,0,0,0.797839,0.5,0.00959301,0,5,0,0,695,9134,0.256183,0,0,5,0.872487,0.0715661,0
0,7711,0.0188637,376.27,0.00314057,0,0.00463632,0,0,2762.85,2,0.00401318,0,28,0,7711,0,7605.72,0.0128797,0,2,0,0,0.02,0,1210.85,0.434255,0.121365,40.9336,WAIT_DIE,0.000780529,0,0,0,1.52439,0,0.0102626,0.0055366,0,0,0.338117,0,0,false,0,0,0,0,0,0,28.3876,141.773,0.0819746,0,0.00452642,0.0477061,0,1,0.0674526,0.804486,0,0,0,973,22.4574,0,2056,0,0,0,0,3,11612,0,5631,0,1.31538,0,0,0,1853.72,ONE_PC,0,2572.13,0,0,0,0,0,0,0.841393,0.5,0.00997636,0,2,0,0,1107,7711,0.921805,0,0,2,0.802873,0.090139,0
0,6813,0.018202,433.882,0.00321,0,0.00820536,0,0,2773.78,6,0.00398799,0,28,0,6813,0,6783.45,0.0162551,0,6,0,0,0.04,0,2088.04,0.752212,0.11785,37.0599,WAIT_DIE,0.00188317,0,0,0,1.52595,0,0.0128612,0.00683211,0,0,0.352076,0,0,false,0,0,0,0,0,0,28.122,114.322,0.107672,0,0.00438474,0.0639204,0,1,0.0642261,0.769224,0,0,0,1411,22.6378,0,3355,0,0,0,0,7,13279,0,3510,0,1.01442,0,0,0,7.49589e+07,ONE_PC,0,2359.13,0,0,0,0,0,0,0.831592,0.5,0.0123032,0,6,0,0,1892,6813,1.44957,0,0,6,0.729998,0.134343,0
0,7082,0.00542152,396.984,0.00302737,0,0.0120882,0,0,2628.29,2,0.00378302,0,28,0,7082,0,6979.71,0.0230552,0,2,0,0,0.06,0,2270.32,1.00045,0.170736,176.553,WAIT_DIE,0.000923298,0,0,0,1.23958,0,0.0185012,0.0103798,0,0,0.330009,0,0,false,0,0,0,0,0,0,28.4103,188.835,0.133257,0,0.00397765,0.049189,0,0,0.0700905,0.822272,0,0,0,1759,22.1773,0,4451,0,0,0,0,2,15452,0,2673,0,1.64514,0,0,0,1123.87,ONE_PC,0,2113.42,0,0,0,0,0,0,0.855842,0.5,0.0166617,0,2,0,0,2650,7082,0.929473,0,0,2,0.780834,0.163311,0
0,6689,0.00665117,356.138,0.0030927,0,0.0150701,0,0,2734.64,10,0.00387446,0,28,0,6689,0,6665.84,0.0224124,0,10,0,0,0.08,0,2775.26,1.13316,0.1505,41.2705,WAIT_DIE,0.00347133,0,0,0,1.38044,0,0.0177822,0.00863084,0,0,0.324397,0,0,false,0,0,0,0,0,0,28.0973,58.257,0.150346,0,0.00468069,0.0195345,0,0,0.0697767,0.793525,0,0,0,1717,23.0967,0,4954,0,0,0,0,10,16374,0,1773,0,0.616203,0,0,0,1014.37,ONE_PC,0,2104.22,0,0,0,0,0,0,0.813175,0.5,0.0158224,0,10,0,0,3199,6689,0.654433,0,0,10,0.803234,0.141194,0
0,6361,0.00630993,401.29,0.00315258,0,0.0176049,0,0,2747.47,8,0.00381056,0,28,0,6361,0,6331.29,0.025528,0,8,0,0,0.1,0,3141.12,1.5745,0.180208,180.089,WAIT_DIE,0.00355863,0,0,0,1.0466,0,0.0204633,0.0103791,0,0,0.320523,0,0,false,0,0,0,0,0,0,28.1314,185.838,0.160184,0,0.00459469,0.0083051,0,2,0.0693414,0.796824,0,0,0,1595,22.2612,0,5155,0,0,0,0,8,16675,0,1177,0,1.53375,0,0,0,966.312,ONE_PC,0,2117.76,0,0,0,0,0,0,0.813666,0.5,0.0191568,0,6,0,0,3589,6361,2.07229,0,0,8,0.765697,0.173429,0
0,8600,0.00865761,216.829,0.00300522,0,0.0027574,0,0,2591.26,0,0.00450336,0,28,0,8600,0,8484.56,0.0126911,0,0,0,0,0.01,0,662.475,196.969,0.0877152,62.535,WAIT_DIE,0,0,0,0,1.2531,0,0.00817082,0.00456397,0,0,0.356692,0,0,false,0,0,0,0,0,0,28.381,96.6584,0.0578908,0,0.00589473,0.0883073,0,0,0.0734125,0.710896,0,0,0,599,22.7543,0,1196,0,0,0,1,0,11060,0,7356,0,1.05663,0,0,0,2069.61,TWO_PC,0,2472.54,0,0,0.233561,1,0,0,0.850658,0.5,0.00912308,0,0,0,0,645,8600,0,0,0,0,0.886535,0.155788,0
0,7997,0.0088928,280.086,0.00309899,0,0.00491269,0,0,2499.79,4,0.00552612,0,28,0,7997,0,7864.12,0.0142832,0,4,0,0,0.02,0,985.415,318.681,0.105954,154.069,WAIT_DIE,0.00158499,0,0,0,1.35985,0,0.0114629,0.00529559,0,0,0.344248,0,0,false,0,0,0,0,0,0,28.4731,175.659,0.0929874,0,0.00572684,0.0493388,0,0,0.070351,0.789276,0,0,0,1006,22.077,0,2216,0,0,0,0,4,12563,0,5832,0,1.66746,0,0,0,1667.13,TWO_PC,0,2306.3,0,0,0,0,0,0,0.865532,0.5,0.0104703,0,4,0,0,1159,7997,0.238341,0,0,4,0.852963,0.191167,0
0,6729,0.00774976,344.939,0.00341889,0,0.00814482,0,0,2475.07,6,0.00560277,0,28,0,6729,0,6632.55,0.0173126,0,6,0,0,0.04,0,1726.78,593.944,0.127592,199.215,WAIT_DIE,0.00235926,0,0,0,1.40691,0,0.0142735,0.00680706,0,0,0.326091,0,0,false,0,0,0,0,0,0,28.4072,222.18,0.103169,0,0.0058428,0.0425132,0,1,0.0634903,0.741975,0,0,0,1388,22.0381,0,3330,0,0,0,0,6,13861,0,3458,0,1.77539,0,0,0,1317.56,TWO_PC,0,2125.43,0,0,0,0,0,0,0.858158,0.5,0.014782,0,5,0,0,1883,6729,4.6961,0,0,6,0.838347,0.231454,0
0,5726,0.0193235,477.441,0.00379412,0,0.00977995,0,0,2587.25,0,0.0054088,0,28,0,5726,0,5617.75,0.018516,0,0,0,0,0.06,0,2556.79,729.192,0.132471,173.868,WAIT_DIE,0,0,0,0,1.32573,0,0.0147203,0.00745565,0,0,0.343743,0,0,false,0,0,0,0,0,0,28.5395,185.71,0.117735,0,0.00613848,0.0791356,0,0,0.0565963,0.767149,0,0,0,1383,22.4442,0,3553,0,0,0,1,0,13625,0,2167,0,1.32538,0,0,0,1127.63,TWO_PC,0,1958.66,0,0,1.02341,1,0,0,0.883784,0.5,0.0137436,0,0,0,0,2176,5726,0,0,0,0,0.838684,0.232375,0
0,5604,0.00757015,350.453,0.00387795,0,0.0125003,0,0,2575.82,9,0.00563791,0,28,0,5604,0,5485.31,0.0207916,0,9,0,0,0.08,0,2606.62,950.692,0.14368,175.757,WAIT_DIE,0.00336111,0,0,0,1.30054,0,0.0168474,0.00848602,0,0,0.340626,0,0,false,0,0,0,0,0,0,28.6058,175.506,0.12906,0,0.00617811,0.0327781,0,0,0.0582585,0.810131,0,0,0,1424,22.4297,0,4079,0,0,0,2,9,15012,0,1507,0,1.31162,0,0,0,1157.09,TWO_PC,0,2153.14,0,0,2.07746,2,0,0,0.887203,0.5,0.0164532,0,9,0,0,2673,5604,0.740925,0,0,9,0.826693,0.242981,0
0,5054,0.00807075,359.549,0.0041509,0,0.014151,0,0,2711.24,30,0.00587756,0,28,0,5054,0,5023.18,0.0197502,0,30,0,0,0.1,0,3237.18,1076.25,0.138274,41.7372,WAIT_DIE,0.0137364,0,0,0,1.43424,0,0.0157719,0.00777118,0,0,0.332356,0,0,false,0,0,0,0,0,0,28.1718,128.81,0.131689,0,0.00664496,0.0228614,0,30,0.0553861,0.722033,0,0,0,1284,22.818,0,4211,0,0,0,0,30,15014,0,915,0,0.9018,0,0,0,1070.26,TWO_PC,0,2107.04,0,0,0,0,0,0,0.81918,0.5,0.0145651,0,0,0,0,2855,5054,3.62377,0,0,30,0.8189,0.239417,0
