log_size,num_log_yes,99%_latency,execute_phase (in us),average_latency,ZIPF_THETA,bytes_received,int_aborts_maat_resolve_failure,cache,prepare_phase_1 (in us),num_aborts_restart,90%_latency,num_cache_misses,NUM_SERVER_THREADS,num_cache_remove,num_home_txn,time_waiting_for_job,Throughput,time_write_queue,time_read_queue,num_aborts_execute,int_aborts_ws2,dummy_bytes_sent,PERC_REMOTE,num_cache_evictions,LOG_TIMEOUT,commit_phase (in us),time_send_msg,average_distributed_latency,CC (index) (in us),CC_ALG,time_abort_queue,int_urgentwrite,num_aborts_terminate,num_local_hits,time_input_idle,time_debug6,time_debug7,time_debug4,time_debug5,time_debug2,time_debug3,time_debug1,int_aborts_maat_resolve_no_feasibles,LOG_NODE,int_saved_by_hist,int_debug5,int_aborts_rs3,int_aborts_rs2,int_aborts_rs1,int_debug4,run_time,logic (in us),time_recv_msg,num_cache_hits,int_aborts_ws1,95%_latency,max_latency,num_aborts_signal,num_aborts_ws,bytes_sent,time_read_input_queue,average_local_latency,num_ro_read,int_aborts_maat_empty_interval_after_adjustment,num_remote_readonly_txn,time_idle,num_aborts_remote,network (in us),num_remote_txn,int_debug6,num_cache_reads,num_ro_check,int_debug3,int_debug2,int_debug1,num_cache_bypass,num_local_txn,int_aborts_maat_adjust_others_failure,time_process_txn,int_inevitable,lock_phase (in us),num_cache_inserts,network_log (in us),COMMIT_ALG,num_cache_updates,total_log_yes (in us),num_renew_success,int_possibMVCC,wait (in us),num_waits,num_renew_failure,num_rw_check,time_wait_buffer,READ_PERC,time_write_output_queue,CC (row) (in us),num_aborts_rs,num_renew,num_no_need_to_renewal,num_remote_write_txn,num_commits,abort (in us),num_renewals,num_rw_read,num_aborts,time_output_idle,prepare_phase_2 (in us),num_pre_aborts
0,8223,0.005142,310.13,0.00288315,0,0.0122213,0,0,2571.8,4,0.00371214,0,25,0,8223,0,8192.92,0.0235987,0.336911,4,0,0,0.05,0,1000,0.808705,0.167766,0.00334068,135.423,WAIT_DIE,0.0017858,0,0,0,1.29268,0,0.0187176,0.00949734,0,0,0,0,0,false,0,0,0,0,0,0,25.0918,150.241,0.141489,0,0,0.00386324,0.0194038,0,2,0.0797676,0.698318,0.00228356,0,0,1860,19.629,0,1341.88,4720,0,0,0,0,4,12951,0,3559,0,1.52874,0,0,0,1386.78,ONE_PC,0,2182.67,0,0,0,0,0,0,0.732024,0.5,0.0170275,0,2,0,0,2804,8223,0.271176,0,0,4,0.77591,0.137751,0
0,8145,0.00666027,324.845,0.00301672,0,0.0120074,0,0,2690.16,10,0.00392187,0,26,0,8145,0,8116.37,0.022768,0.328212,10,0,0,0.05,0,1000,0.830103,0.146666,0.00355251,33.0916,WAIT_DIE,0.00345793,0,0,0,1.43944,0,0.0179967,0.00837731,0,0,0,0,0,false,0,0,0,0,0,0,26.0917,99.2066,0.147393,0,0,0.00414192,0.0193901,0,0,0.0787333,0.695455,0.00231449,0,0,1851,20.9376,0,1436.07,4575,0,0,0,0,12,12726,0,3525,0,1.06877,0,0,0,1483.47,ONE_PC,0,2316.51,0,0,0,0,0,0,0.763024,0.5,0.0159959,0,12,0,0,2769,8145,0.740334,0,0,10,0.80503,0.142084,0
0,7952,0.0135961,421.849,0.00321325,0,0.0118353,0,0,2789.68,9,0.00389422,0,27,0,7952,0,7924.58,0.0235032,0.288664,9,0,0,0.05,0,1000,0.905017,0.127662,0.00374343,185.692,WAIT_DIE,0.00363855,0,0,0,1.28922,0,0.0190353,0.00679943,0,0,0,0,0,false,0,0,0,0,0,0,27.0934,202.223,0.129615,0,0,0.00401362,0.0419918,0,8,0.0771296,0.761523,0.0025175,0,0,1807,20.9789,0,1511.81,4602,0,0,0,0,9,12559,0,3439,0,1.95832,0,0,0,1541.2,ONE_PC,0,2430.24,0,0,0,0,0,0,0.769429,0.5,0.0187163,0,1,0,0,2706,7952,0.655193,0,0,9,0.803266,0.159141,0
0,8763,0.00688659,352.561,0.0029896,0,0.0128321,0,0,2635.44,8,0.00373949,0,28,0,8763,0,8736.88,0.0248417,0.325833,8,0,0,0.05,0,1000,0.788978,0.168564,0.00356866,28.0481,WAIT_DIE,0.00479187,0,0,0,1.31276,0,0.0196598,0.00912221,0,0,0,0,0,false,0,0,0,0,0,0,28.0837,89.7568,0.15678,0,0,0.00418585,0.0407231,0,0,0.084703,0.755643,0.00223961,0,0,2000,22.5696,0,1467.72,4941,0,0,0,0,8,13708,0,3818,0,1.06384,0,0,0,1464.12,ONE_PC,0,2289.51,0,0,0,0,0,0,0.812427,0.5,0.0168118,0,8,0,0,2945,8763,0.659939,0,0,8,0.782496,0.14305,0
0,7573,0.0188477,545.613,0.00346468,0,0.0111251,0,0,2916.46,8,0.00392984,0,29,0,7573,0,7342.1,0.0212251,0.368998,5,0,0,0.05,0,1000,1.29922,0.157852,0.00407881,77.9597,WAIT_DIE,0.00305456,0,0,0,1.48458,0,0.016638,0.00786227,0,0,0,0,0,false,0,0,0,0,0,0,29.912,94.9633,0.131104,0,0,0.00519555,0.0658632,0,6,0.0731556,0.922714,0.00266735,0,0,1724,23.5499,3,1842.42,4278,0,0,0,1,12,11862,0,3295,0,0.994,0,0,0,1686.63,ONE_PC,0,2631.23,0,0,0.365974,1,0,0,0.955733,0.5,0.0141298,0,6,0,0,2554,7573,1.18383,0,0,8,0.68384,0.128547,0
0,8952,0.00669747,347.672,0.00316145,0,0.0132007,0,0,2812.39,6,0.0040216,0,30,0,8952,0,8766.81,0.0258867,0.331852,6,0,0,0.05,0,1000,0.85636,0.173006,0.00373966,33.6873,WAIT_DIE,0.00188564,0,0,0,1.19002,0,0.0203586,0.00941534,0,0,0,0,0,false,0,0,0,0,0,0,30.6337,111.776,0.160598,0,0,0.00425822,0.020403,0,3,0.0866753,0.891634,0.0024056,0,0,2051,24.1586,0,1488.49,5076,0,0,0,0,6,14036,0,3880,0,1.35054,0,0,0,7.6775e+07,ONE_PC,0,2471.35,0,0,0,0,0,0,0.940958,0.5,0.0178294,0,3,0,0,3021,8952,0.374264,0,0,6,0.790867,0.151044,0
,,,,,0,,,,,,,,31,,,,,,,,,,0.05,,1000,,,,,WAIT_DIE,,,,,,,,,,,,,,false,,,,,,,,,,,,,,,,,,,,,,,,,,,,,,,,,,,,,,,,ONE_PC,,,,,,,,,,0.5,,,,,,,,,,,,,,
0,7912,0.00617793,322.191,0.00299276,0,0.0117151,0,0,2669.32,1,0.00386363,0,25,0,7912,0,7894.32,0.0202304,0.318575,1,0,0,0.05,0,1000,0.696892,0.152156,0.00358909,18.6739,WAIT_DIE,0.00040294,0,0,0,1.44677,0,0.0175335,0.00730698,0,0,0,0,0,false,0,0,0,0,0,0,25.056,56.6099,0.107427,0,0,0.00403896,0.0538334,0,1,0.0765545,0.656047,0.00220991,0,0,1788,20.486,0,1465.33,4482,0,0,0,0,1,12401,0,3421,0,0.667864,0,0,0,1407.61,ONE_PC,0,2204.84,0,0,0,0,0,0,0.734555,0.5,0.0135149,0,0,0,0,2703,7912,0.449404,0,0,1,0.802768,0.103928,0
0,8571,0.00593032,335.224,0.00285105,0,0.0126612,0,0,2514.32,5,0.00366566,0,26,0,8571,0,8541.32,0.0245696,0.295192,5,0,0,0.05,0,1000,0.858579,0.162939,0.00337413,40.226,WAIT_DIE,0.00363471,0,0,0,1.46035,0,0.0206485,0.00888145,0,0,0,0,0,false,0,0,0,0,0,0,26.0903,129.376,0.142594,0,0,0.00391849,0.0269194,0,0,0.082973,0.723531,0.0021657,0,0,1946,20.6014,0,1384.39,4870,0,0,0,0,8,13448,0,3710,0,1.41829,0,0,0,1359.07,ONE_PC,0,2130.17,0,0,0,0,0,0,0.743881,0.5,0.0182116,0,8,0,0,2915,8571,0.515068,0,0,5,0.79038,0.13905,0
0,8025,0.0132452,443.988,0.00316854,0,0.0118167,0,0,2721.03,25,0.00384267,0,27,0,8025,0,7890.88,0.0240587,0.386449,25,0,0,0.05,0,1000,0.820413,0.2106,0.00375871,159.38,WAIT_DIE,0.00769003,0,0,0,1.23962,0,0.0192383,0.0125098,0,0,0,0,0,false,0,0,0,0,0,0,27.4589,173.682,0.13915,0,0,0.00399315,0.067659,0,0,0.0776709,0.777408,0.00240438,0,0,1817,21.2419,0,1559.54,4537,0,0,0,0,25,12579,0,3497,0,1.69522,0,0,0,1476.59,ONE_PC,0,2307.35,0,0,0,0,0,0,0.835461,0.5,0.016763,0,25,0,0,2711,8025,2.56353,0,0,25,0.691501,0.136123,0
0,8662,0.00615078,332.801,0.00306658,0,0.0127829,0,0,2731.53,13,0.0038866,0,28,0,8662,0,8634.57,0.0245663,0.329681,13,0,0,0.05,0,1000,0.867465,0.179586,0.00355083,39.9914,WAIT_DIE,0.00473938,0,0,0,1.54607,0,0.019278,0.0106595,0,0,0,0,0,false,0,0,0,0,0,0,28.089,131.915,0.150409,0,0,0.0041338,0.00781545,0,1,0.0838261,0.76766,0.00243019,0,0,1976,22.3602,0,1411.98,4899,0,0,0,1,13,13580,0,3743,0,1.46127,0,0,0,1547.08,ONE_PC,0,2421.76,0,0,0.0432384,1,0,0,0.802922,0.5,0.0173959,0,12,0,0,2943,8662,1.24267,0,0,13,0.763745,0.145295,0
0,8087,0.0181088,515.74,0.00339486,0,0.0119534,0,0,2877.85,2,0.00394859,0,29,0,8087,0,8060.02,0.0242538,0.326919,2,0,0,0.05,0,1000,0.911354,0.168486,0.004031,180.089,WAIT_DIE,0.00139975,0,0,0,1.23001,0,0.0191205,0.0092628,0,0,0,0,0,false,0,0,0,0,0,0,29.0971,194.951,0.150146,0,0,0.00408231,0.0876124,0,2,0.078264,0.786789,0.00256116,0,0,1858,22.7842,0,1620.94,4617,0,0,0,0,2,12725,0,3500,0,1.9063,0,0,0,1583.43,ONE_PC,0,2486.01,0,0,0,0,0,0,0.821304,0.5,0.0176378,0,0,0,0,2729,8087,0.210562,0,0,2,0.776309,0.148287,0
0,8991,0.00577574,325.43,0.00316293,0,0.0132826,0,0,2834.87,22,0.0040318,0,30,0,8991,0,8962.99,0.0295668,0.336266,18,0,0,0.05,0,1000,0.873941,0.163802,0.00367609,34.0762,WAIT_DIE,0.00762243,0,0,0,1.18583,0,0.0241544,0.0110603,0,0,0,0,0,false,0,0,0,0,0,0,30.0937,108.906,0.156726,0,0,0.00419978,0.019581,0,0,0.0871345,0.828057,0.00249427,0,0,2053,24.2277,4,1437.01,5125,0,0,0,0,18,14120,0,3904,0,1.29634,0,0,0,1619.46,ONE_PC,0,2543,0,0,0,0,0,0,0.850595,0.5,0.0181682,0,18,0,0,3034,8991,1.61372,0,0,22,0.775979,0.146155,0
,,,,,0,,,,,,,,31,,,,,,,,,,0.05,,1000,,,,,WAIT_DIE,,,,,,,,,,,,,,false,,,,,,,,,,,,,,,,,,,,,,,,,,,,,,,,,,,,,,,,ONE_PC,,,,,,,,,,0.5,,,,,,,,,,,,,,
0,1015,0.00472955,220.334,0.00190096,0,0.00145836,0,0,1679.88,0,0.00264564,0,2,0,1015,0,1013.64,0.00340886,0.159294,0,0,0,0.05,0,1000,0.672867,0.0199362,0.00213316,62.4805,WAIT_DIE,0,0,0,0,1.56934,0,0.00297253,0.000843031,0,0,0,0,0,false,0,0,0,0,0,0,2.00268,165.923,0.0303887,0,0,0.00313549,0.00621454,0,0,0.00983938,0.065753,0.00162303,0,0,220,1.47309,0,768.92,537,0,0,0,0,0,1552,0,462,0,0.19416,0,0,0,938.976,ONE_PC,0,1435.77,0,0,0,0,0,0,0.0614661,0.5,0.00282853,0,0,0,0,333,1015,0,0,0,0,0.901125,0.071932,0
0,1839,0.00565282,173.765,0.00210416,0,0.00271324,0,0,1929.81,0,0.00332218,0,4,0,1839,0,1829.1,0.00433066,0.20193,0,0,0,0.05,0,1000,0.504454,0.0334358,0.00237097,77.106,WAIT_DIE,0,0,0,0,1.2795,0,0.00374942,0.00126996,0,0,0,0,0,false,0,0,0,0,0,0,4.02165,90.5304,0.0275025,0,0,0.00402944,0.00758595,0,0,0.0179331,0.109391,0.0017704,0,0,409,3.11518,0,800.907,1038,0,0,0,0,0,2877,0,817,0,0.20357,0,0,0,1053.57,ONE_PC,0,1648.27,0,0,0,0,0,0,0.134589,0.5,0.00398479,0,0,0,0,613,1839,0,0,0,0,0.918622,0.0831881,0
0,3215,0.0057294,218.512,0.00239278,0,0.00487259,0,0,2172.87,2,0.0033329,0,8,0,3215,0,3207.59,0.00952046,0.236967,2,0,0,0.05,0,1000,0.585453,0.0592189,0.00271202,30.8141,WAIT_DIE,0.00121303,0,0,0,1.94276,0,0.00842012,0.00213389,0,0,0,0,0,false,0,0,0,0,0,0,8.01848,94.4091,0.0638389,0,0,0.00415686,0.00903779,0,2,0.0313635,0.195614,0.00196122,0,0,736,6.27781,0,985.116,1845,0,0,0,0,2,5065,0,1367,0,0.378728,0,0,0,1171.46,ONE_PC,0,1842.11,0,0,0,0,0,0,0.264318,0.5,0.00580893,0,0,0,0,1112,3215,0.722131,0,0,2,0.906172,0.0921969,0
0,4663,0.00515479,221.771,0.00246975,0,0.00697213,0,0,2246.96,2,0.00335481,0,12,0,4663,0,4654.17,0.0131829,0.286703,2,0,0,0.05,0,1000,0.64607,0.0890541,0.0028354,29.2455,WAIT_DIE,0.000968345,0,0,0,1.80991,0,0.0114691,0.0043273,0,0,0,0,0,false,0,0,0,0,0,0,12.0228,88.2665,0.0734664,0,0,0.00385212,0.00944497,0,0,0.0452047,0.282437,0.00198754,0,0,1080,9.4534,0,1072.15,2663,0,0,0,0,4,7326,0,2011,0,0.527211,0,0,0,1191.12,ONE_PC,0,1870.64,0,0,0,0,0,0,0.399968,0.5,0.0101015,0,4,0,0,1572,4663,0.260008,0,0,2,0.870182,0.109071,0
0,5853,0.00500597,213.232,0.00262808,0,0.00865808,0,0,2413.71,4,0.00358692,0,16,0,5853,0,5817.86,0.0137737,0.256523,4,0,0,0.05,0,1000,0.704394,0.0921538,0.00310286,12.1393,WAIT_DIE,0.00171494,0,0,0,1.40082,0,0.0117269,0.00415589,0,0,0,0,0,false,0,0,0,0,0,0,16.0966,30.3546,0.0782757,0,0,0.003904,0.0183318,0,4,0.056473,0.42872,0.00200925,0,0,1358,13.1682,0,1180.46,3306,0,0,0,0,4,9162,0,2541,0,0.313066,0,0,0,1233.25,ONE_PC,0,1929.33,0,0,0,0,0,0,0.484455,0.5,0.0126598,0,0,0,0,1954,5853,0.348964,0,0,4,0.879779,0.0884813,0
0,7066,0.00472779,258.998,0.00269699,0,0.0104789,0,0,2436.48,4,0.00357013,0,20,0,7066,0,7048.36,0.0205473,0.329825,4,0,0,0.05,0,1000,0.765515,0.154832,0.00310782,35.3583,WAIT_DIE,0.00282137,0,0,0,1.09522,0,0.0161133,0.00851005,0,0,0,0,0,false,0,0,0,0,0,0,20.0501,113.517,0.131056,0,0,0.00370649,0.00741381,0,0,0.0683603,0.510347,0.00215791,0,0,1619,15.8072,0,1213.68,3990,0,0,0,0,4,11054,0,3056,0,1.02234,0,0,0,1321.3,ONE_PC,0,2067.07,0,0,0,0,0,0,0.619031,0.5,0.0154158,0,4,0,0,2391,7066,0.607356,0,0,4,0.792785,0.144724,0
0,7838,0.00561263,299.618,0.00289475,0,0.0116582,0,0,2593.32,10,0.00378223,0,24,0,7838,0,7810.08,0.0235342,0.335111,10,0,0,0.05,0,1000,0.795679,0.135201,0.00337006,34.869,WAIT_DIE,0.00328551,0,0,0,1.4947,0,0.020831,0.00895059,0,0,0,0,0,false,0,0,0,0,0,0,24.0858,111.994,0.108627,0,0,0.00396263,0.0169,0,7,0.0758964,0.631933,0.00226655,0,0,1786,19.1877,0,1359.7,4462,0,0,0,0,10,12308,0,3376,0,1.14195,0,0,0,1422.5,ONE_PC,0,2232.32,0,0,0,0,0,0,0.717751,0.5,0.0158977,0,3,0,0,2676,7838,0.880121,0,0,10,0.815808,0.137924,0
0,8545,0.00621018,367.243,0.00303218,0,0.0125371,0,0,2663.59,2,0.00379027,0,28,0,8545,0,8379.6,0.022799,0.360905,2,0,0,0.05,0,1000,0.868473,0.162588,0.00356515,36.8184,WAIT_DIE,0.000719942,0,0,0,1.3617,0,0.0185877,0.00942709,0,0,0,0,0,false,0,0,0,0,0,0,28.5527,120.15,0.150497,0,0,0.00408001,0.0484415,0,0,0.0825476,0.828666,0.00233395,0,0,1948,22.4706,0,1519.75,4772,0,0,0,0,2,13318,0,3699,0,1.32616,0,0,0,1494.29,ONE_PC,0,2328.8,0,0,0,0,0,0,0.875468,0.5,0.01814,0,2,0,0,2898,8545,0.338281,0,0,2,0.753084,0.136792,0
0,622,0.00716521,268.418,0.00258953,0,0.00091206,0,0,1845.8,0,0.00420031,0,2,0,622,0,619.21,0.00147452,0.157723,0,0,0,0.05,0,1000,475.179,0.0128503,0.00318727,110.465,WAIT_DIE,0,0,0,0,2.88747,0,0.00126504,0.00035462,0,0,0,0,0,false,0,0,0,0,0,0,2.00901,228.56,0.027349,0,0,0.00524007,0.0110892,0,0,0.00604945,0.0656471,0.00185466,0,0,136,1.4986,0,1380.75,351,0,0,0,0,0,1390,0,279,0,0.161526,0,0,0,924.837,TWO_PC,0,1594.15,0,0,0,0,0,0,0.0641984,0.5,0.00121248,0,0,0,0,207,622,0,0,0,0,0.913745,0.132378,0
0,1320,0.0059838,186.677,0.00242074,0,0.00194682,0,0,1737.49,0,0.00379909,0,4,0,1320,0,1312.77,0.00336119,0.209877,0,0,0,0.05,0,1000,496.465,0.0243286,0.00301649,36.4566,WAIT_DIE,0,0,0,0,2.65236,0,0.00294115,0.000989522,0,0,0,0,0,false,0,0,0,0,0,0,4.02201,118.786,0.0374631,0,0,0.00456582,0.00955384,0,0,0.0128503,0.113307,0.00164648,0,0,304,3.12565,0,1286.98,744,0,0,0,0,0,2947,0,574,0,0.189315,0,0,0,908.636,TWO_PC,0,1534.4,0,0,0,0,0,0,0.134601,0.5,0.00248902,0,0,0,0,442,1320,0,0,0,0,0.926487,0.11253,0
0,2335,0.00733635,226.812,0.00270879,0,0.00359032,0,0,1910.03,0,0.0045322,0,8,0,2335,0,2327.84,0.00784665,0.256775,0,0,0,0.05,0,1000,571.796,0.0444063,0.00334436,49.0108,WAIT_DIE,0,0,0,0,2.01053,0,0.00699894,0.00169111,0,0,0,0,0,false,0,0,0,0,0,0,8.02462,162.117,0.0621999,0,0,0.00497792,0.012799,0,0,0.0227189,0.196471,0.00181124,0,0,541,6.2253,0,1516.76,1371,0,0,0,0,0,5362,0,968,0,0.4507,0,0,0,962.594,TWO_PC,0,1641.91,0,0,0,0,0,0,0.261488,0.5,0.00421612,0,0,0,0,826,2335,0,0,0,0,0.917914,0.152717,0
0,3373,0.00647844,233.294,0.00287364,0,0.00514026,0,0,2044.84,1,0.0049457,0,12,0,3373,0,3356.71,0.0116609,0.2641,1,0,0,0.05,0,1000,595.143,0.0599704,0.00359692,36.5925,WAIT_DIE,0.00051072,0,0,0,1.2723,0,0.0104299,0.00321128,0,0,0,0,0,false,0,0,0,0,0,0,12.0582,119.351,0.0534829,0,0,0.00512268,0.00859601,0,0,0.0326997,0.294278,0.0018728,0,0,791,9.55387,0,1567.3,1965,0,0,0,2,1,7677,0,1415,0,0.510701,0,0,0,1014.16,TWO_PC,0,1716.78,0,0,1.50251,2,0,0,0.383717,0.5,0.0104745,0,1,0,0,1167,3373,0.200476,0,0,1,0.911109,0.158083,0
0,4177,0.00694962,215.236,0.00309301,0,0.0062738,0,0,2257.1,0,0.00513216,0,16,0,4177,0,4155.36,0.0109852,0.261552,0,0,0,0.05,0,1000,620.489,0.0663071,0.00392836,30.507,WAIT_DIE,0,0,0,0,1.58181,0,0.00953916,0.00337128,0,0,0,0,0,false,0,0,0,0,0,0,16.0833,92.936,0.0773344,0,0,0.00548146,0.0186218,0,0,0.0403045,0.385761,0.00198339,0,0,957,12.8532,0,1685.81,2376,0,0,0,0,0,9402,0,1794,0,0.503903,0,0,0,1105.93,TWO_PC,0,1872.33,0,0,0,0,0,0,0.528855,0.5,0.0104303,0,0,0,0,1426,4177,0,0,0,0,0.907142,0.180011,0
0,5059,0.00699992,253.961,0.0031898,0,0.0076283,0,0,2295.99,2,0.00517718,0,20,0,5059,0,5030.34,0.0152411,0.337457,2,0,0,0.05,0,1000,637.904,0.10826,0.00401563,137.678,WAIT_DIE,0.000954135,0,0,0,0.995573,0,0.0119319,0.0060798,0,0,0,0,0,false,0,0,0,0,0,0,20.114,153.113,0.101651,0,0,0.00541392,0.0115824,0,0,0.0489696,0.511114,0.00207873,0,0,1159,15.8661,0,1751.84,2911,0,0,0,0,2,11469,0,2157,0,0.951992,0,0,0,1129.26,TWO_PC,0,1926.36,0,0,0,0,0,0,0.638481,0.5,0.0121174,0,2,0,0,1743,5059,1.77009,0,0,2,0.851066,0.172701,0
0,5626,0.00738954,294.704,0.00341858,0,0.00832582,0,0,2439.57,0,0.00543129,0,24,0,5626,0,5528.45,0.0161546,0.333334,0,0,0,0.05,0,1000,684.076,0.108406,0.00437691,49.0994,WAIT_DIE,0,0,0,0,1.57681,0,0.0132183,0.00678441,0,0,0,0,0,false,0,0,0,0,0,0,24.4235,153.497,0.101031,0,0,0.00583539,0.0390912,0,0,0.0543216,0.650112,0.00216453,0,0,1262,19.189,0,1929.82,3176,0,0,0,0,0,12650,0,2437,0,1.08497,0,0,0,1210.63,TWO_PC,0,2042.69,0,0,0,0,0,0,0.763847,0.5,0.0140775,0,0,0,0,1927,5626,0,0,0,0,0.863831,0.226802,0
0,6348,0.00781816,268.093,0.00353925,0,0.00932631,0,0,2554.75,7,0.00566061,0,28,0,6348,0,6310.75,0.0175282,0.343464,7,0,0,0.05,0,1000,715.694,0.118995,0.00454675,33.7212,WAIT_DIE,0.00271377,0,0,0,1.31428,0,0.0139064,0.0067796,0,0,0,0,0,false,0,0,0,0,0,0,28.1653,106.573,0.117882,0,0,0.0060416,0.0286002,0,0,0.0612829,0.755154,0.00223202,0,0,1431,22.861,0,2002.46,3558,0,0,0,0,9,14192,0,2763,0,0.898682,0,0,0,1275.65,TWO_PC,0,2140.92,0,0,0,0,0,0,0.824434,0.5,0.0139913,0,9,0,0,2154,6348,0.535203,0,0,7,0.839025,0.185508,0
0,1081,0.00436495,235.033,0.00178898,0,0.0015558,0,0,1553.3,0,0.00247759,0,2,0,1081,0,1079.21,0.00288612,0.162689,0,0,0,0.05,0,1000,0.556593,0.0238338,0.00193693,106.894,WAIT_DIE,0,0,0,0,2.81424,0,0.00249243,0.00119142,0,0,0,0,0,false,0,0,0,0,0,0,2.00332,204.948,0.0359595,0,0,0.00303649,0.00696747,0,0,0.0104918,0.063228,0.00161054,0,0,239,1.42373,0,686.209,592,0,0,0,0,0,1674,0,490,0,0.254267,0,0,0,895.865,ONE_PC,0,1385.24,0,0,0,0,0,0,0.0597019,0.5,0.0022885,0,0,0,0,352,1081,0,0,0,0,0.896139,0.0877909,0
0,1892,0.00561733,254.165,0.00205303,0,0.00278527,0,0,1798.14,0,0.00298942,0,4,0,1892,0,1881.85,0.00438763,0.213421,0,0,0,0.05,0,1000,0.617,0.0427317,0.00231529,137.483,WAIT_DIE,0,0,0,0,0.959098,0,0.00369584,0.00202216,0,0,0,0,0,false,0,0,0,0,0,0,4.02157,225.964,0.0368595,0,0,0.00386494,0.00863061,0,0,0.0184319,0.104942,0.00172599,0,0,418,2.87988,0,816.63,1048,0,0,0,0,0,2940,0,842,0,0.487496,0,0,0,969.514,ONE_PC,0,1506.56,0,0,0,0,0,0,0.124055,0.5,0.00456599,0,0,0,0,632,1892,0,0,0,0,0.900018,0.112077,0
0,3427,0.00513375,209.866,0.00224926,0,0.00520568,0,0,2038.57,0,0.00310444,0,8,0,3427,0,3416.27,0.0108116,0.243616,0,0,0,0.05,0,1000,0.685046,0.0595147,0.00251866,43.8463,WAIT_DIE,0,0,0,0,1.86234,0,0.0096544,0.00229242,0,0,0,0,0,false,0,0,0,0,0,0,8.02512,142.491,0.0558316,0,0,0.00351627,0.00876272,0,0,0.0334614,0.195222,0.00188846,0,0,784,6.09805,0,915.587,1979,0,0,0,0,0,5406,0,1465,0,0.591382,0,0,0,1097.93,ONE_PC,0,1731.98,0,0,0,0,0,0,0.25858,0.5,0.00650271,0,0,0,0,1178,3427,0,0,0,0,0.905075,0.139938,0
0,4823,0.00505586,191.737,0.00238391,0,0.00721483,0,0,2191.46,0,0.00335699,0,12,0,4823,0,4816.22,0.0122451,0.281236,0,0,0,0.05,0,1000,0.629289,0.0904563,0.00279071,17.9543,WAIT_DIE,0,0,0,0,1.76553,0,0.0107134,0.00396478,0,0,0,0,0,false,0,0,0,0,0,0,12.0169,47.7611,0.0774295,0,0,0.00376711,0.00686543,0,0,0.046773,0.281343,0.0018479,0,0,1116,9.62907,0,1045.84,2765,0,0,0,0,0,7595,0,2081,0,0.330918,0,0,0,1128.66,ONE_PC,0,1775.16,0,0,0,0,0,0,0.403748,0.5,0.00861268,0,0,0,0,1626,4823,0,0,0,0,0.869309,0.0882374,0
0,5725,0.00534218,244.211,0.0026828,0,0.00850054,0,0,2437.45,2,0.00361819,0,16,0,5725,0,5702.39,0.0166194,0.283132,2,0,0,0.05,0,1000,0.667816,0.106211,0.00311402,106.698,WAIT_DIE,0.000589655,0,0,0,1.19075,0,0.01468,0.00462269,0,0,0,0,0,false,0,0,0,0,0,0,16.0635,121.304,0.0723635,0,0,0.00396292,0.00829646,0,0,0.0552696,0.39176,0.00211856,0,0,1324,12.5436,0,1181.53,3244,0,0,0,0,2,8971,0,2480,0,0.861693,0,0,0,1248.67,ONE_PC,0,1956.51,0,0,0,0,0,0,0.516116,0.5,0.0122074,0,2,0,0,1921,5725,0.347718,0,0,2,0.858714,0.119564,0
0,6899,0.00604452,238.555,0.00276518,0,0.0102476,0,0,2524.57,13,0.00362676,0,20,0,6899,0,6875.67,0.0165958,0.258414,13,0,0,0.05,0,1000,0.6343,0.105272,0.00324231,24.0334,WAIT_DIE,0.00587538,0,0,0,1.16863,0,0.0127961,0.0047198,0,0,0,0,0,false,0,0,0,0,0,0,20.0679,41.0968,0.117053,0,0,0.00402031,0.00885654,0,15,0.0667533,0.518464,0.00213734,0,0,1578,16.3492,0,1273.45,3921,0,0,0,0,21,10823,0,2979,0,0.437823,0,0,0,1330.47,ONE_PC,0,2084.56,0,0,0,0,0,0,0.625177,0.5,0.0119861,0,6,0,0,2342,6899,1.32321,0,0,13,0.858438,0.0941647,0
0,7916,0.00528833,270.254,0.00287683,0,0.0117203,0,0,2605.84,0,0.00379038,0,24,0,7916,0,7880.93,0.0198636,0.376382,0,0,0,0.05,0,1000,0.649285,0.174761,0.00344545,25.6082,WAIT_DIE,0,0,0,0,1.14687,0,0.0159195,0.0109369,0,0,0,0,0,false,0,0,0,0,0,0,24.1068,43.0636,0.127883,0,0,0.00397807,0.00964398,0,0,0.0766089,0.621319,0.00213009,0,0,1798,19.7247,0,1399.77,4487,0,0,0,1,0,12407,0,3422,0,0.527114,0,0,0,1372.98,ONE_PC,0,2151.21,0,0,0.43916,1,0,0,0.733074,0.5,0.0142496,0,0,0,0,2696,7916,0,0,0,0,0.771498,0.0943994,0
0,9039,0.00523199,312.497,0.00292798,0,0.013256,0,0,2614.2,2,0.00383956,0,28,0,9039,0,8922.06,0.0247258,0.320985,2,0,0,0.05,0,1000,0.905987,0.181072,0.00351218,81.2472,WAIT_DIE,0.000302543,0,0,0,1.0627,0,0.0195429,0.00979914,0,0,0,0,0,false,0,0,0,0,0,0,28.367,98.5934,0.147701,0,0,0.00401308,0.0218568,0,0,0.0873194,0.797225,0.00216543,0,0,2066,22.5593,0,1421.32,5056,0,0,0,0,2,14100,0,3921,0,1.21826,0,0,0,1405.25,ONE_PC,0,2191.52,0,0,0,0,0,0,0.845239,0.5,0.0187715,0,2,0,0,3052,9039,0.231885,0,0,2,0.775038,0.141588,0
0,666,0.00596866,207.42,0.00243032,0,0.00096498,0,0,1759.27,0,0.00411074,0,2,0,666,0,662.521,0.00170738,0.157808,0,0,0,0.05,0,1000,463.529,0.0134113,0.00297992,57.7004,WAIT_DIE,0,0,0,0,0.982735,0,0.0015184,0.000590636,0,0,0,0,0,false,0,0,0,0,0,0,2.0105,147.495,0.0162918,0,0,0.00483062,0.00740983,0,0,0.00643057,0.0680006,0.00174333,0,0,152,1.5382,0,1264.91,367,0,0,0,0,0,1468,0,296,0,0.115374,0,0,0,907.745,TWO_PC,0,1539.43,0,0,0,0,0,0,0.0662081,0.5,0.0021097,0,0,0,0,218,666,0,0,0,0,0.913363,0.105387,0
0,1321,0.00590876,191.65,0.00243771,0,0.00194663,0,0,1739.41,0,0.00398033,0,4,0,1321,0,1314.14,0.00326822,0.208615,0,0,0,0.05,0,1000,506.512,0.0263353,0.00301377,32.9001,WAIT_DIE,0,0,0,0,1.48638,0,0.00274239,0.000938826,0,0,0,0,0,false,0,0,0,0,0,0,4.02088,102.586,0.0337524,0,0,0.004697,0.00800582,0,0,0.0128551,0.111274,0.00168571,0,0,307,3.14617,0,1284.73,749,0,0,0,0,0,2952,0,573,0,0.167456,0,0,0,914.281,TWO_PC,0,1539.17,0,0,0,0,0,0,0.134882,0.5,0.00321128,0,0,0,0,441,1321,0,0,0,0,0.925351,0.135887,0
0,2364,0.00634979,200.099,0.00267353,0,0.00362344,0,0,1919.01,0,0.00456132,0,8,0,2364,0,2351.43,0.0074219,0.245057,0,0,0,0.05,0,1000,554.28,0.043227,0.00329644,42.221,WAIT_DIE,0,0,0,0,0.953659,0,0.006702,0.00207795,0,0,0,0,0,false,0,0,0,0,0,0,8.04277,136.88,0.0392911,0,0,0.00488512,0.0101001,0,0,0.0229917,0.197152,0.00179994,0,0,548,6.25591,0,1503.24,1384,0,0,0,0,0,5419,0,984,0,0.392545,0,0,0,947.81,TWO_PC,0,1621.37,0,0,0,0,0,0,0.270634,0.5,0.00662088,0,0,0,0,832,2364,0,0,0,0,0.925146,0.143653,0
0,3619,0.00639864,224.253,0.00267764,0,0.00549055,0,0,1911.36,0,0.00442553,0,12,0,3619,0,3603.79,0.010436,0.258516,0,0,0,0.05,0,1000,541.876,0.0600035,0.00333104,39.806,WAIT_DIE,0,0,0,0,1.23025,0,0.00909212,0.00310857,0,0,0,0,0,false,0,0,0,0,0,0,12.0506,130.107,0.0612464,0,0,0.00487131,0.00851628,0,0,0.0350679,0.280572,0.0017784,0,0,839,9.40736,0,1435.87,2090,0,0,0,0,0,8220,0,1523,0,0.576274,0,0,0,964.947,TWO_PC,0,1653.05,0,0,0,0,0,0,0.405686,0.5,0.0102058,0,0,0,0,1257,3619,0,0,0,0,0.910328,0.145229,0
0,4208,0.00722295,245.604,0.00304815,0,0.00636308,0,0,2206.63,1,0.00496867,0,16,0,4208,0,4173.27,0.0116773,0.266341,1,0,0,0.05,0,1000,594.864,0.0701225,0.00381079,42.4546,WAIT_DIE,0.000121536,0,0,0,1.66854,0,0.0100788,0.00327411,0,0,0,0,0,false,0,0,0,0,0,0,16.1332,140.645,0.0794319,0,0,0.00520433,0.0247016,0,0,0.0406542,0.393545,0.00202592,0,0,969,12.6593,0,1656.25,2431,0,0,0,1,1,9532,0,1798,0,0.727262,0,0,0,1092.86,TWO_PC,0,1884.44,0,0,0.395409,1,0,0,0.531124,0.5,0.0111716,0,1,0,0,1441,4208,0.895188,0,0,1,0.905799,0.156707,0
0,4772,0.00738482,252.752,0.00333655,0,0.00718385,0,0,2425.55,0,0.00535676,0,20,0,4772,0,4728.75,0.0133833,0.271528,0,0,0,0.05,0,1000,658.066,0.0809333,0.00424135,40.5816,WAIT_DIE,0,0,0,0,1.246,0,0.0110235,0.00444708,0,0,0,0,0,false,0,0,0,0,0,0,20.1829,132.84,0.09089,0,0,0.0057673,0.0112167,0,0,0.0461446,0.521668,0.00212587,0,0,1091,16.0445,0,1920.08,2749,0,0,0,0,0,10810,0,2041,0,0.79952,0,0,0,1167.44,TWO_PC,0,1990.83,0,0,0,0,0,0,0.634618,0.5,0.0123312,0,0,0,0,1640,4772,0,0,0,0,0.892197,0.185394,0
0,5540,0.00835555,287.214,0.00345994,0,0.00822259,0,0,2504.21,0,0.00546374,0,24,0,5540,0,5503.22,0.0164476,0.341527,0,0,0,0.05,0,1000,668.33,0.118068,0.00449132,39.5291,WAIT_DIE,0,0,0,0,1.34314,0,0.0131056,0.00679112,0,0,0,0,0,false,0,0,0,0,0,0,24.1604,127.601,0.112873,0,0,0.00609159,0.0221172,0,0,0.0535334,0.618673,0.00210758,0,0,1245,19.375,0,2039.42,3150,0,0,0,0,0,12490,0,2397,0,0.907327,0,0,0,1185.19,TWO_PC,0,2008.24,0,0,0,0,0,0,0.749803,0.5,0.0129388,0,0,0,0,1898,5540,0,0,0,0,0.843413,0.187318,0
0,6472,0.00806698,288.121,0.00349255,0,0.00949684,0,0,2511.29,2,0.00555538,0,28,0,6472,0,6388.8,0.0188756,0.346059,2,0,0,0.05,0,1000,692.039,0.11934,0.00450515,34.672,WAIT_DIE,0.000302129,0,0,0,1.52223,0,0.0154514,0.00731317,0,0,0,0,0,false,0,0,0,0,0,0,28.3647,110.08,0.119414,0,0,0.00605463,0.0163282,0,1,0.0624765,0.78036,0.00218201,0,0,1465,22.8012,0,1969.67,3643,0,0,0,1,2,14485,0,2821,0,0.938115,0,0,0,1261.1,TWO_PC,0,2135.21,0,0,0.549939,1,0,0,0.855257,0.5,0.0141216,0,1,0,0,2186,6472,0.908497,0,0,2,0.844039,0.190936,0
0,1080,0.00406375,166.221,0.00179563,0,0.00155078,0,0,1628.76,0,0.00248494,0,2,0,1080,0,1076.28,0.00329067,0.151965,0,0,0,0.05,0,1000,0.565229,0.0216693,0.00195855,59.4958,WAIT_DIE,0,0,0,0,2.22094,0,0.00287809,0.00075272,0,0,0,0,0,false,0,0,0,0,0,0,2.00691,116.162,0.0343153,0,0,0.00283537,0.00647001,0,0,0.010494,0.0674828,0.00159946,0,0,241,1.50945,0,672.712,589,0,0,0,0,0,1670,0,490,0,0.149888,0,0,0,951.362,ONE_PC,0,1469.73,0,0,0,0,0,0,0.0639515,0.5,0.00258898,0,0,0,0,349,1080,0,0,0,0,0.906885,0.085238,0
0,1829,0.00554063,208.552,0.00212782,0,0.00269283,0,0,1918.53,0,0.00332661,0,4,0,1829,0,1823.77,0.00530732,0.209081,0,0,0,0.05,0,1000,0.633005,0.0371222,0.0023897,70.7783,WAIT_DIE,0,0,0,0,2.10025,0,0.00467258,0.0016367,0,0,0,0,0,false,0,0,0,0,0,0,4.01147,176.553,0.03937,0,0,0.00398952,0.0104196,0,0,0.0178188,0.108611,0.00180127,0,0,404,2.969,0,790.816,1016,0,0,0,0,0,2845,0,814,0,0.375326,0,0,0,1035.96,ONE_PC,0,1611.45,0,0,0,0,0,0,0.12638,0.5,0.00465103,0,0,0,0,611,1829,0,0,0,0,0.909524,0.105231,0
0,3279,0.00576363,234.221,0.00234898,0,0.00496731,0,0,2113.85,0,0.00311967,0,8,0,3279,0,3270.69,0.0100283,0.249471,0,0,0,0.05,0,1000,0.781176,0.0601028,0.00270084,41.3327,WAIT_DIE,0,0,0,0,1.64313,0,0.00891107,0.00323913,0,0,0,0,0,false,0,0,0,0,0,0,8.02033,138.681,0.0688497,0,0,0.00400551,0.010611,0,0,0.0319531,0.192261,0.00187497,0,0,751,6.12988,0,994.702,1878,0,0,0,0,0,5158,0,1397,0,0.553,0,0,0,1113.63,ONE_PC,0,1751.43,0,0,0,0,0,0,0.260357,0.5,0.00937206,0,0,0,0,1131,3279,0,0,0,0,0.901329,0.125852,0
0,4756,0.00480338,217.41,0.0024296,0,0.00709312,0,0,2210.49,8,0.00329672,0,12,0,4756,0,4742.77,0.0126416,0.255215,8,0,0,0.05,0,1000,0.649238,0.0787757,0.00272438,36.2754,WAIT_DIE,0.00260967,0,0,0,1.31443,0,0.011004,0.00370492,0,0,0,0,0,false,0,0,0,0,0,0,12.0335,116.622,0.0746419,0,0,0.00362064,0.00624972,0,0,0.0460495,0.276888,0.00204082,0,0,1102,9.31109,0,991.359,2699,0,0,0,0,8,7461,0,2051,0,0.682324,0,0,0,1206.75,ONE_PC,0,1892.38,0,0,0,0,0,0,0.401162,0.5,0.0104514,0,8,0,0,1603,4756,0.937312,0,0,8,0.887799,0.106344,0
0,5964,0.00543276,222.539,0.00256265,0,0.0088593,0,0,2339.4,0,0.00354804,0,16,0,5964,0,5948.52,0.0148805,0.31882,0,0,0,0.05,0,1000,0.60236,0.117629,0.00305714,37.0826,WAIT_DIE,0,0,0,0,1.36475,0,0.0127655,0.00589633,0,0,0,0,0,false,0,0,0,0,0,0,16.0417,53.2556,0.0975,0,0,0.00382023,0.00798147,0,0,0.0576545,0.37249,0.00192066,0,0,1376,12.8858,0,1174.58,3396,0,0,0,0,0,9363,0,2595,0,0.450013,0,0,0,1168.13,ONE_PC,0,1832.52,0,0,0,0,0,0,0.52901,0.5,0.0109182,0,0,0,0,1993,5964,0,0,0,0,0.83829,0.104152,0
0,6942,0.00568492,286.591,0.0027422,0,0.0103275,0,0,2454.11,4,0.00360788,0,20,0,6942,0,6922.92,0.0202942,0.279698,4,0,0,0.05,0,1000,0.830498,0.11576,0.00318506,40.9939,WAIT_DIE,0.00269647,0,0,0,1.4838,0,0.0174647,0.00666767,0,0,0,0,0,false,0,0,0,0,0,0,20.0551,134.885,0.0989359,0,0,0.00432158,0.00838999,0,0,0.0672094,0.511001,0.0021596,0,0,1588,15.7338,0,1250.56,3944,0,0,0,0,4,10896,0,2998,0,1.17086,0,0,0,1305.31,ONE_PC,0,2046.11,0,0,0,0,0,0,0.602448,0.5,0.0171183,0,4,0,0,2356,6942,0.537167,0,0,4,0.840508,0.128451,0
0,7920,0.00546358,315.064,0.00287312,0,0.0117171,0,0,2556.3,9,0.00367378,0,24,0,7920,0,7875.9,0.0220342,0.263866,9,0,0,0.05,0,1000,0.834864,0.121015,0.00339729,61.3549,WAIT_DIE,0.00521814,0,0,0,0.936511,0,0.0181047,0.00676505,0,0,0,0,0,false,0,0,0,0,0,0,24.1344,95.1974,0.124371,0,0,0.00381261,0.0348838,0,0,0.0766046,0.653371,0.00218414,0,0,1797,19.2973,0,1373.99,4460,0,0,0,0,9,12385,0,3422,0,1.00413,0,0,0,1403.64,ONE_PC,0,2193.6,0,0,0,0,0,0,0.721169,0.5,0.0176536,0,9,0,0,2701,7920,0.790369,0,0,9,0.83977,0.135642,0
0,8736,0.00589456,305.51,0.00303635,0,0.012877,0,0,2729.16,7,0.0039724,0,28,0,8736,0,8700.26,0.0222341,0.319569,7,0,0,0.05,0,1000,0.83817,0.176155,0.00362794,24.4679,WAIT_DIE,0.00340476,0,0,0,1.23716,0,0.0178344,0.00916724,0,0,0,0,0,false,0,0,0,0,0,0,28.115,71.2542,0.14718,0,0,0.00419071,0.0081586,0,3,0.08455,0.767434,0.00226216,0,0,1993,22.8783,0,1460.13,4948,0,0,0,0,7,13687,0,3784,0,0.889181,0,0,0,1473.39,ONE_PC,0,2308.29,0,0,0,0,0,0,0.815176,0.5,0.0174502,0,4,0,0,2959,8736,0.704842,0,0,7,0.774673,0.137841,0
0,676,0.00602988,233.812,0.00238585,0,0.0009857,0,0,1704.25,0,0.00382578,0,2,0,676,0,672.112,0.00210206,0.160797,0,0,0,0.05,0,1000,447.674,0.0143259,0.0029539,69.9719,WAIT_DIE,0,0,0,0,1.34585,0,0.00186096,0.000627544,0,0,0,0,0,false,0,0,0,0,0,0,2.01157,184.942,0.0220553,0,0,0.00455951,0.00698577,0,0,0.00653621,0.0679018,0.00167814,0,0,152,1.51463,0,1279.67,377,0,0,0,0,0,1500,0,301,0,0.144141,0,0,0,859.722,TWO_PC,0,1462.05,0,0,0,0,0,0,0.064879,0.5,0.00191466,0,0,0,0,223,676,0,0,0,0,0.911167,0.114581,0
0,1337,0.00521865,209.888,0.0024017,0,0.00196825,0,0,1698.82,0,0.00371743,0,4,0,1337,0,1328.51,0.00390968,0.205094,0,0,0,0.05,0,1000,492.859,0.0255962,0.00294064,91.1339,WAIT_DIE,0,0,0,0,1.006,0,0.00350468,0.000996832,0,0,0,0,0,false,0,0,0,0,0,0,4.02555,166.138,0.0300383,0,0,0.00421604,0.0073762,0,0,0.0130059,0.110901,0.00170043,0,0,309,3.06849,0,1266.65,755,0,0,0,0,0,2986,0,581,0,0.259244,0,0,0,897.259,TWO_PC,0,1513.51,0,0,0,0,0,0,0.132534,0.5,0.0032489,0,0,0,0,447,1337,0,0,0,0,0.927357,0.138525,0
0,2377,0.00627794,213.585,0.00266406,0,0.00363919,0,0,1903.48,0,0.00452173,0,8,0,2377,0,2363.29,0.00764855,0.253014,0,0,0,0.05,0,1000,546.818,0.0459384,0.00325838,44.7161,WAIT_DIE,0,0,0,0,1.86545,0,0.00679149,0.001981,0,0,0,0,0,false,0,0,0,0,0,0,8.04641,146.684,0.051656,0,0,0.00487862,0.010472,0,0,0.0231305,0.198408,0.00183572,0,0,541,6.2321,0,1500.01,1387,0,0,0,0,0,5449,0,993,0,0.420664,0,0,0,944.439,TWO_PC,0,1621.19,0,0,0,0,0,0,0.268869,0.5,0.00689134,0,0,0,0,843,2377,0,0,0,0,0.921294,0.174634,0
0,3501,0.00573721,171.721,0.00271026,0,0.00530647,0,0,1980.69,11,0.00468118,0,12,0,3501,0,3482.51,0.00834177,0.265742,11,0,0,0.05,0,1000,555.344,0.0585733,0.0034273,13.0671,WAIT_DIE,0.00285666,0,0,0,1.20296,0,0.00730038,0.00245086,0,0,0,0,0,false,0,0,0,0,0,0,12.0637,30.5881,0.0483944,0,0,0.00492851,0.0112701,0,10,0.0338811,0.284824,0.00171725,0,0,818,9.76958,0,1548.22,2012,0,0,0,0,11,7930,0,1468,0,0.172459,0,0,0,987.025,TWO_PC,0,1682.57,0,0,0,0,0,0,0.414626,0.5,0.00707092,0,1,0,0,1215,3501,2.40777,0,0,11,0.91219,0.0953576,0
0,4151,0.00676626,277.406,0.00308404,0,0.00624088,0,0,2209.96,0,0.00499833,0,16,0,4151,0,4127.99,0.0116733,0.269171,0,0,0,0.05,0,1000,596.518,0.0734992,0.00398627,42.7802,WAIT_DIE,0,0,0,0,1.73643,0,0.0102606,0.00332986,0,0,0,0,0,false,0,0,0,0,0,0,16.0892,142.455,0.0660492,0,0,0.00544697,0.0107314,0,0,0.040048,0.387767,0.00188226,0,0,952,12.669,0,1811.56,2368,0,0,0,0,0,9355,0,1780,0,0.72282,0,0,0,1025.3,TWO_PC,0,1717.9,0,0,0,0,0,0,0.524954,0.5,0.00952408,0,0,0,0,1419,4151,0,0,0,0,0.899787,0.164357,0
0,4805,0.00813157,220.272,0.00337098,0,0.00720127,0,0,2454.82,0,0.00551363,0,20,0,4805,0,4785.76,0.0121686,0.339209,0,0,0,0.05,0,1000,695.752,0.0884804,0.00427192,20.4808,WAIT_DIE,0,0,0,0,1.64331,0,0.00951124,0.00474073,0,0,0,0,0,false,0,0,0,0,0,0,20.0804,55.5679,0.0928995,0,0,0.0061237,0.0139423,0,0,0.0463741,0.489887,0.00216226,0,0,1100,16.3747,0,1798.15,2733,0,0,0,0,0,10831,0,2052,0,0.391621,0,0,0,1244.07,TWO_PC,0,2111.85,0,0,0,0,0,0,0.638131,0.5,0.00927455,0,0,0,0,1653,4805,0,0,0,0,0.874278,0.136966,0
0,5685,0.00793366,273.291,0.00340627,0,0.00843638,0,0,2444.05,0,0.00545376,0,24,0,5685,0,5651.94,0.0168155,0.3391,0,0,0,0.05,0,1000,688.744,0.114764,0.00435121,38.5936,WAIT_DIE,0,0,0,0,1.11802,0,0.0137465,0.00719473,0,0,0,0,0,false,0,0,0,0,0,0,24.1404,123.922,0.114783,0,0,0.00587578,0.0115116,0,0,0.0549357,0.617166,0.00216123,0,0,1283,19.3795,0,1902.14,3237,0,0,0,1,0,12822,0,2453,0,0.906653,0,0,0,1206.3,TWO_PC,0,2036.42,0,0,0.362407,1,0,0,0.737309,0.5,0.0133725,0,0,0,0,1949,5685,0,0,0,0,0.844578,0.181961,0
0,6454,0.0079697,282.499,0.00350182,0,0.00948147,0,0,2515.48,0,0.00556774,0,28,0,6454,0,6400.85,0.0174418,0.339009,0,0,0,0.05,0,1000,703.661,0.135582,0.0045052,35.1846,WAIT_DIE,0,0,0,0,1.40143,0,0.0137558,0.00739818,0,0,0,0,0,false,0,0,0,0,0,0,28.2325,114.434,0.108689,0,0,0.00603935,0.0248024,0,0,0.0622762,0.756689,0.00219406,0,0,1467,22.7697,0,1964.05,3630,0,0,0,0,0,14439,0,2802,0,0.964537,0,0,0,1253.71,TWO_PC,0,2105.9,0,0,0,0,0,0,0.834561,0.5,0.0137918,0,0,0,0,2185,6454,0,0,0,0,0.823914,0.185119,0
0,1027,0.00438843,231.947,0.00187793,0,0.00147186,0,0,1645.35,0,0.00262785,0,2,0,1027,0,1024.39,0.00180817,0.154696,0,0,0,0.05,0,1000,0.551664,0.0223002,0.00206713,104.249,WAIT_DIE,0,0,0,0,0.975087,0,0.00145718,0.000853496,0,0,0,0,0,false,0,0,0,0,0,0,2.0051,175.28,0.0210465,0,0,0.00301377,0.00709285,0,0,0.00996849,0.0635147,0.0016537,0,0,222,1.46463,0,755.669,550,0,0,0,0,0,1578,0,470,0,0.206333,0,0,0,924.98,ONE_PC,0,1420.29,0,0,0,0,0,0,0.0619982,0.5,0.00221201,0,0,0,0,335,1027,0,0,0,0,0.903709,0.0760769,0
0,1750,0.00534014,348.538,0.00221616,0,0.00258832,0,0,1866.73,0,0.00316052,0,4,0,1750,0,1744.17,0.00576197,0.226692,0,0,0,0.05,0,1000,0.790251,0.0381252,0.00249117,229.018,WAIT_DIE,0,0,0,0,1.78482,0,0.00511545,0.0019625,0,0,0,0,0,false,0,0,0,0,0,0,4.01338,321.235,0.0377241,0,0,0.00359689,0.00774302,0,0,0.0170636,0.102531,0.00186857,0,0,390,2.75836,0,914.563,981,0,0,0,0,0,2732,0,773,0,0.633685,0,0,0,972.216,ONE_PC,0,1516.97,0,0,0,0,0,0,0.117196,0.5,0.00540743,0,0,0,0,587,1750,0,0,0,0,0.903302,0.100379,0
0,3520,0.00457586,213.346,0.00217991,0,0.005317,0,0,1964.67,6,0.00302582,0,8,0,3520,0,3510.42,0.00967418,0.254644,6,0,0,0.05,0,1000,0.622882,0.0576846,0.00248103,39.3977,WAIT_DIE,0.0017936,0,0,0,1.066,0,0.00837487,0.00302545,0,0,0,0,0,false,0,0,0,0,0,0,8.02183,130.082,0.0568451,0,0,0.00342594,0.00583555,0,2,0.0342912,0.192885,0.00177955,0,0,801,6.12053,0,931.674,1995,0,0,0,0,6,5526,0,1511,0,0.550147,0,0,0,1045.5,ONE_PC,0,1635.7,0,0,0,0,0,0,0.262702,0.5,0.00787958,0,4,0,0,1208,3520,1.16677,0,0,6,0.903714,0.10767,0
0,4613,0.00563154,233.357,0.00250686,0,0.00687593,0,0,2271.07,6,0.00342624,0,12,0,4613,0,4597.92,0.0136086,0.261874,6,0,0,0.05,0,1000,0.754387,0.084469,0.00286974,41.2607,WAIT_DIE,0.00205069,0,0,0,1.82299,0,0.0118298,0.00443617,0,0,0,0,0,false,0,0,0,0,0,0,12.0393,138.227,0.0894364,0,0,0.00409578,0.0080682,0,2,0.0446536,0.289566,0.00202982,0,0,1064,9.25932,0,1056.25,2619,0,0,0,0,6,7234,0,1993,0,0.779475,0,0,0,1193.53,ONE_PC,0,1871.05,0,0,0,0,0,0,0.387886,0.5,0.0124733,0,4,0,0,1556,4613,1.55461,0,0,6,0.881119,0.126608,0
0,6097,0.00542649,203.999,0.00250623,0,0.00896768,0,0,2301.25,4,0.00338816,0,16,0,6097,0,6082.13,0.0147663,0.315017,4,0,0,0.05,0,1000,0.59274,0.119176,0.00290608,14.2616,WAIT_DIE,0.00159653,0,0,0,1.78615,0,0.0127041,0.00522098,0,0,0,0,0,false,0,0,0,0,0,0,16.0391,35.0557,0.0838902,0,0,0.00386404,0.0100958,0,4,0.0587497,0.382941,0.00198924,0,0,1403,12.9916,0,1092.78,3383,0,0,0,0,4,9490,0,2659,0,0.336291,0,0,0,1249.68,ONE_PC,0,1942.7,0,0,0,0,0,0,0.528011,0.5,0.00963103,0,0,0,0,2035,6097,0.311319,0,0,4,0.83851,0.0822619,0
0,6695,0.00563025,313.808,0.00283831,0,0.00995452,0,0,2523.59,0,0.00372049,0,20,0,6695,0,6676.34,0.0199632,0.324175,0,0,0,0.05,0,1000,0.780561,0.146275,0.0033412,111.356,WAIT_DIE,0,0,0,0,1.29829,0,0.0173723,0.00711044,0,0,0,0,0,false,0,0,0,0,0,0,20.0559,133.035,0.0964833,0,0,0.00422716,0.026667,0,0,0.0647341,0.520007,0.00217257,0,0,1541,15.776,0,1329.07,3801,0,0,0,0,0,10506,0,2881,0,1.11158,0,0,0,1323.19,ONE_PC,0,2073.84,0,0,0,0,0,0,0.60706,0.5,0.0128989,0,0,0,0,2273,6695,0,0,0,0,0.809017,0.134736,0
0,7902,0.00512268,294.344,0.00287812,0,0.0117251,0,0,2581.62,10,0.00375124,0,24,0,7902,0,7878.25,0.021795,0.3211,10,0,0,0.05,0,1000,0.803121,0.163785,0.00332571,33.8284,WAIT_DIE,0.00501593,0,0,0,1.0703,0,0.0178349,0.00937607,0,0,0,0,0,false,0,0,0,0,0,0,24.0724,108.173,0.144674,0,0,0.00390183,0.00879557,0,1,0.0764818,0.631688,0.0022876,0,0,1801,19.1898,0,1345.08,4483,0,0,0,0,10,12394,0,3407,0,1.1153,0,0,0,1418.7,ONE_PC,0,2223.91,0,0,0,0,0,0,0.719262,0.5,0.0163831,0,9,0,0,2694,7902,1.21775,0,0,10,0.787162,0.137172,0
0,8940,0.0055761,329.031,0.00295941,0,0.0131748,0,0,2628.75,3,0.00380947,0,28,0,8940,0,8913.28,0.0247307,0.326965,3,0,0,0.05,0,1000,0.855088,0.187996,0.00346076,35.0038,WAIT_DIE,0.00207892,0,0,0,1.10994,0,0.0191625,0.0111371,0,0,0,0,0,false,0,0,0,0,0,0,28.0839,112.808,0.148484,0,0,0.00394232,0.00781538,0,1,0.086475,0.767353,0.00230469,0,0,2044,22.4904,0,1362.26,5061,0,0,0,0,3,14004,0,3877,0,1.32037,0,0,0,1502.85,ONE_PC,0,2353.68,0,0,0,0,0,0,0.801994,0.5,0.0178996,0,2,0,0,3019,8940,0.636259,0,0,3,0.754008,0.13615,0
0,649,0.00648594,253.613,0.00252858,0,0.000947548,0,0,1759.52,0,0.00405794,0,2,0,649,0,646.353,0.00210645,0.159367,0,0,0,0.05,0,1000,515.344,0.0137435,0.00314197,80.5994,WAIT_DIE,0,0,0,0,2.35981,0,0.00188474,0.000475855,0,0,0,0,0,false,0,0,0,0,0,0,2.00819,203.318,0.0187882,0,0,0.00471989,0.00782932,0,0,0.00628398,0.0662291,0.00176448,0,0,145,1.50696,0,1222.56,359,0,0,0,0,0,1438,0,289,0,0.15339,0,0,0,933.833,TWO_PC,0,1556.52,0,0,0,0,0,0,0.0640632,0.5,0.00202478,0,0,0,0,215,649,0,0,0,0,0.912064,0.0930647,0
0,1270,0.00611176,242.37,0.00253684,0,0.0018844,0,0,1774.07,0,0.00397522,0,4,0,1270,0,1266.51,0.00382998,0.212867,0,0,0,0.05,0,1000,520.246,0.0246307,0.00311581,127.167,WAIT_DIE,0,0,0,0,1.55068,0,0.00327235,0.000952892,0,0,0,0,0,false,0,0,0,0,0,0,4.01103,206.768,0.0262632,0,0,0.00471096,0.00923462,0,0,0.0123983,0.108593,0.00177892,0,0,291,3.03322,0,1320.99,724,0,0,0,0,0,2853,0,550,0,0.302611,0,0,0,923.486,TWO_PC,0,1557.06,0,0,0,0,0,0,0.128033,0.5,0.00259117,0,0,0,0,429,1270,0,0,0,0,0.92237,0.152994,0
0,2244,0.00736525,235.366,0.00278851,0,0.0034554,0,0,1989.17,0,0.00481672,0,8,0,2244,0,2229.45,0.00733298,0.255473,0,0,0,0.05,0,1000,563.797,0.0460943,0.00346936,45.1539,WAIT_DIE,0,0,0,0,1.93682,0,0.00653515,0.00209237,0,0,0,0,0,false,0,0,0,0,0,0,8.0522,152.602,0.0555057,0,0,0.00548215,0.0101282,0,0,0.0218562,0.196938,0.00182477,0,0,524,6.24408,0,1650.03,1326,0,0,0,0,0,5159,0,929,0,0.412587,0,0,0,966.438,TWO_PC,0,1661.19,0,0,0,0,0,0,0.270712,0.5,0.00713973,0,0,0,0,791,2244,0,0,0,0,0.921937,0.174879,0
0,3349,0.00739056,190.359,0.00285381,0,0.00510677,0,0,2078.89,0,0.00487651,0,12,0,3349,0,3337.37,0.00933311,0.269028,0,0,0,0.05,0,1000,584.413,0.0610282,0.00356136,29.6759,WAIT_DIE,0,0,0,0,1.44394,0,0.00818102,0.00293527,0,0,0,0,0,false,0,0,0,0,0,0,12.0418,90.1586,0.0613579,0,0,0.00513734,0.0112964,0,0,0.0324703,0.27903,0.00187723,0,0,786,9.57216,0,1563.34,1957,0,0,0,0,0,7629,0,1407,0,0.387527,0,0,0,1036.02,TWO_PC,0,1778.59,0,0,0,0,0,0,0.409417,0.5,0.00737849,0,0,0,0,1156,3349,0,0,0,0,0.908237,0.155251,0
0,4176,0.00719778,214.718,0.00311602,0,0.00627366,0,0,2265.13,0,0.00510336,0,16,0,4176,0,4151.06,0.0112043,0.300823,0,0,0,0.05,0,1000,636.023,0.0822096,0.00387924,33.9207,WAIT_DIE,0,0,0,0,1.60291,0,0.00954089,0.00395348,0,0,0,0,0,false,0,0,0,0,0,0,16.0961,106.797,0.0700667,0,0,0.00555006,0.0150664,0,0,0.040252,0.384487,0.00209768,0,0,958,12.7915,0,1592.16,2379,0,0,0,1,0,9405,0,1789,0,0.56439,0,0,0,1162.97,TWO_PC,0,1986.64,0,0,0.450836,1,0,0,0.532502,0.5,0.00930136,0,0,0,0,1429,4176,0,0,0,0,0.885542,0.14877,0
0,4865,0.00711508,216.778,0.00328081,0,0.00733502,0,0,2413.11,0,0.00535126,0,20,0,4865,0,4821.76,0.0113468,0.333766,0,0,0,0.05,0,1000,650.804,0.0946303,0.00423271,15.1824,WAIT_DIE,0,0,0,0,1.29527,0,0.00954139,0.00428065,0,0,0,0,0,false,0,0,0,0,0,0,20.1794,37.3799,0.0716187,0,0,0.0058086,0.0107173,0,0,0.0470499,0.520414,0.00199874,0,0,1113,16.4957,0,1917.88,2809,0,0,0,0,0,11040,0,2073,0,0.294771,0,0,0,1138.27,TWO_PC,0,1935.21,0,0,0,0,0,0,0.645645,0.5,0.00820853,0,0,0,0,1679,4865,0,0,0,0,0.875398,0.116733,0
0,5597,0.00727847,269.612,0.00347336,0,0.00830784,0,0,2519.41,10,0.00551713,0,24,0,5597,0,5551.57,0.0158349,0.282614,10,0,0,0.05,0,1000,682.85,0.106904,0.00443862,41.4634,WAIT_DIE,0.00385266,0,0,0,1.44011,0,0.0124149,0.00531333,0,0,0,0,0,false,0,0,0,0,0,0,24.1964,135.673,0.105919,0,0,0.00621923,0.0102001,0,10,0.054108,0.626543,0.00221076,0,0,1262,19.3515,0,1924.12,3195,0,0,0,0,10,12629,0,2425,0,0.963817,0,0,0,1230.4,TWO_PC,0,2098.07,0,0,0,0,0,0,0.734195,0.5,0.0125227,0,0,0,0,1910,5597,1.28557,0,0,10,0.8619,0.203704,0
0,5147,0.0214898,622.188,0.00440154,0,0.00771488,0,0,2855.54,0,0.00598782,0,28,0,5147,0,5052.83,0.0160874,0.39352,0,0,0,0.05,0,1000,923.622,0.127183,0.00556104,167.12,WAIT_DIE,0,0,0,0,1.42069,0,0.0129061,0.00575096,0,0,0,0,0,false,0,0,0,0,0,0,28.5218,180.999,0.098198,0,0,0.0134422,0.0957626,0,0,0.0499187,0.883584,0.00285572,0,0,1157,22.4121,0,2551.05,2954,0,0,0,0,0,11675,0,2206,0,1.13822,0,0,0,1487.99,TWO_PC,0,2456.33,0,0,0,0,0,0,0.875867,0.5,0.0112943,0,0,0,0,1784,5147,0,0,0,0,0.699986,0.190865,0
0,1065,0.00448404,215.989,0.00181114,0,0.0015275,0,0,1594.57,0,0.00243522,0,2,0,1065,0,1064.07,0.00254536,0.158535,0,0,0,0.05,0,1000,0.508517,0.021078,0.00200743,84.3775,WAIT_DIE,0,0,0,0,2.43427,0,0.00217281,0.00065152,0,0,0,0,0,false,0,0,0,0,0,0,2.00175,185.943,0.0256412,0,0,0.00275848,0.00633198,0,0,0.0103335,0.0627458,0.0015773,0,0,231,1.44668,0,707.581,576,0,0,0,0,0,1641,0,486,0,0.225819,0,0,0,887.565,ONE_PC,0,1367.63,0,0,0,0,0,0,0.0608241,0.5,0.0020633,0,0,0,0,348,1065,0,0,0,0,0.901057,0.076692,0
0,1875,0.00536276,189.385,0.00206718,0,0.0027466,0,0,1877.15,0,0.00282476,0,4,0,1875,0,1873.07,0.00572783,0.213133,0,0,0,0.05,0,1000,0.543972,0.0382169,0.00232708,60.6775,WAIT_DIE,0,0,0,0,1.63709,0,0.00509381,0.00122558,0,0,0,0,0,false,0,0,0,0,0,0,4.00413,135.576,0.0433672,0,0,0.00360053,0.00884761,0,0,0.0182549,0.107732,0.00174416,0,0,417,3.03239,0,804.234,1038,0,0,0,0,0,2913,0,836,0,0.301804,0,0,0,1008.96,ONE_PC,0,1567.54,0,0,0,0,0,0,0.127759,0.5,0.0032783,0,0,0,0,622,1875,0,0,0,0,0.906164,0.0939424,0
0,3291,0.00517546,237.629,0.00233538,0,0.00499266,0,0,2096.38,2,0.00321597,0,8,0,3291,0,3282.92,0.010627,0.250283,2,0,0,0.05,0,1000,0.675674,0.0685495,0.00264392,114.677,WAIT_DIE,0.000995508,0,0,0,1.4921,0,0.00948689,0.00287827,0,0,0,0,0,false,0,0,0,0,0,0,8.0197,149.417,0.0563733,0,0,0.00374788,0.00867272,0,2,0.0320996,0.191982,0.00192017,0,0,753,6.09033,0,998.173,1887,0,0,0,0,2,5187,0,1403,0,0.587455,0,0,0,1094.58,ONE_PC,0,1721.32,0,0,0,0,0,0,0.261474,0.5,0.00757719,0,0,0,0,1135,3291,0.584358,0,0,2,0.89185,0.111805,0
0,4736,0.00501014,249.397,0.00243547,0,0.00708034,0,0,2185.02,1,0.00342976,0,12,0,4736,0,4720.92,0.0157922,0.256171,1,0,0,0.05,0,1000,0.76179,0.0780147,0.00279412,43.6136,WAIT_DIE,0.00027586,0,0,0,1.78208,0,0.0142424,0.0030174,0,0,0,0,0,false,0,0,0,0,0,0,12.0383,146.983,0.0878714,0,0,0.00417349,0.00704403,0,0,0.0458822,0.309988,0.00196393,0,0,1093,9.29954,0,1038.82,2705,0,0,0,0,1,7446,0,2046,0,0.856483,0,0,0,1140.47,ONE_PC,0,1790.97,0,0,0,0,0,0,0.357349,0.5,0.00780766,0,1,0,0,1597,4736,0.147,0,0,1,0.889358,0.140193,0
0,5742,0.00579079,257.026,0.00266194,0,0.0085494,0,0,2403.63,7,0.00368645,0,16,0,5742,0,5721.01,0.0165787,0.305579,7,0,0,0.05,0,1000,0.709846,0.109256,0.00315754,59.711,WAIT_DIE,0.00193203,0,0,0,1.44325,0,0.0145461,0.00610587,0,0,0,0,0,false,0,0,0,0,0,0,16.0587,101.153,0.087722,0,0,0.00422227,0.007798,0,2,0.0555106,0.387603,0.00201238,0,0,1324,12.6375,0,1217.33,3283,0,0,0,0,7,9031,0,2485,0,0.741713,0,0,0,1217.86,ONE_PC,0,1914.09,0,0,0,0,0,0,0.521042,0.5,0.0136777,0,5,0,0,1933,5742,0.451991,0,0,7,0.850115,0.128915,0
0,6815,0.00613269,272.142,0.00280013,0,0.0101123,0,0,2526.67,2,0.00371302,0,20,0,6815,0,6790.86,0.022891,0.303991,2,0,0,0.05,0,1000,0.92475,0.13212,0.00325898,62.1822,WAIT_DIE,0.00144333,0,0,0,1.49712,0,0.01951,0.00710875,0,0,0,0,0,false,0,0,0,0,0,0,20.0711,99.2484,0.123441,0,0,0.00433463,0.00788258,0,0,0.0659177,0.506664,0.0021939,0,0,1563,15.9497,0,1274.38,3848,0,0,0,1,2,10670,0,2936,0,0.893382,0,0,0,1360.67,ONE_PC,0,2128.49,0,0,0.351144,1,0,0,0.618416,0.5,0.0153823,0,2,0,0,2316,6815,0.25453,0,0,2,0.823892,0.143881,0
0,7477,0.00597932,370.924,0.00304308,0,0.0111174,0,0,2670.66,4,0.00391868,0,24,0,7477,0,7447.78,0.0217423,0.311081,4,0,0,0.05,0,1000,0.840918,0.165787,0.00361783,42.3755,WAIT_DIE,0.00308842,0,0,0,1.62085,0,0.0177668,0.00793253,0,0,0,0,0,false,0,0,0,0,0,0,24.0942,138.861,0.138712,0,0,0.00423019,0.0661167,0,4,0.0723708,0.637291,0.00228282,0,0,1696,19.0273,0,1497.33,4245,0,0,0,0,4,11729,0,3219,0,1.31534,0,0,0,1395.6,ONE_PC,0,2187.77,0,0,0,0,0,0,0.709132,0.5,0.0156576,0,0,0,0,2562,7477,0.519749,0,0,4,0.772851,0.13903,0
0,7437,0.0261073,557.375,0.00356252,0,0.010905,0,0,3003.92,1,0.00393471,0,28,0,7437,0,7289.2,0.021181,0.33759,1,0,0,0.05,0,1000,0.827072,0.139344,0.00448061,65.9228,WAIT_DIE,0.000551622,0,0,0,1.40199,0,0.0167693,0.00855118,0,0,0,0,0,false,0,0,0,0,0,0,28.5677,104.432,0.135672,0,0,0.00442782,0.127495,0,0,0.0717524,0.839954,0.00236541,0,0,1689,22.6684,0,1913.09,4165,0,0,0,1,1,11614,0,3228,0,1.02566,0,0,0,1517.88,ONE_PC,0,2367.91,0,0,0.426263,1,0,0,0.890573,0.5,0.015979,0,1,0,0,2520,7437,0.241086,0,0,1,0.82841,0.153813,0
0,650,0.00708575,210.3,0.0024848,0,0.000954068,0,0,1846.64,0,0.00410501,0,2,0,650,0,647.398,0.00162413,0.158762,0,0,0,0.05,0,1000,427.703,0.0126335,0.00305478,72.3646,WAIT_DIE,0,0,0,0,2.92841,0,0.00141553,0.000601787,0,0,0,0,0,false,0,0,0,0,0,0,2.00804,165.173,0.0273535,0,0,0.00472229,0.00803065,0,0,0.00630265,0.0672681,0.00177282,0,0,146,1.53148,0,1270.68,366,0,0,0,0,0,1449,0,289,0,0.125452,0,0,0,897.108,TWO_PC,0,1574.66,0,0,0,0,0,0,0.0648759,0.5,0.00152528,0,0,0,0,215,650,0,0,0,0,0.912775,0.161809,0
0,1318,0.00630356,240.031,0.00245344,0,0.00195015,0,0,1732.15,0,0.0040791,0,4,0,1318,0,1312,0.00357936,0.212812,0,0,0,0.05,0,1000,481.127,0.0230015,0.00300663,108.517,WAIT_DIE,0,0,0,0,1.57421,0,0.00311449,0.000945735,0,0,0,0,0,false,0,0,0,0,0,0,4.0183,187.203,0.0332126,0,0,0.00463216,0.0080956,0,0,0.0128402,0.110189,0.00172749,0,0,305,3.04762,0,1284.61,750,0,0,0,0,0,2955,0,570,0,0.285912,0,0,0,893.727,TWO_PC,0,1525.18,0,0,0,0,0,0,0.129572,0.5,0.00266732,0,0,0,0,443,1318,0,0,0,0,0.926623,0.130534,0
0,2372,0.00683056,244.366,0.00270037,0,0.00364445,0,0,1881.67,0,0.00463239,0,8,0,2372,0,2359.52,0.0071582,0.257174,0,0,0,0.05,0,1000,574.134,0.0472147,0.00331634,50.6562,WAIT_DIE,0,0,0,0,1.87802,0,0.00634243,0.00238596,0,0,0,0,0,false,0,0,0,0,0,0,8.04231,165.21,0.0534737,0,0,0.00493844,0.00990406,0,0,0.0230926,0.192715,0.0018345,0,0,544,6.19822,0,1482.34,1394,0,0,0,0,0,5453,0,986,0,0.46571,0,0,0,953.337,TWO_PC,0,1620.48,0,0,0,0,0,0,0.268812,0.5,0.00672923,0,0,0,0,842,2372,0,0,0,0,0.918221,0.195815,0
0,3221,0.00701391,209.243,0.00296759,0,0.00487316,0,0,2158.36,0,0.00491829,0,12,0,3221,0,3201.88,0.00900136,0.288028,0,0,0,0.05,0,1000,599.823,0.0674142,0.00370307,37.2236,WAIT_DIE,0,0,0,0,1.74417,0,0.00793747,0.00283893,0,0,0,0,0,false,0,0,0,0,0,0,12.0716,119.212,0.0542238,0,0,0.00535225,0.0107937,0,0,0.0311044,0.285804,0.00196245,0,0,752,9.5056,0,1616.42,1840,0,0,0,0,0,7268,0,1361,0,0.476989,0,0,0,1083.77,TWO_PC,0,1848.89,0,0,0,0,0,0,0.407128,0.5,0.00675838,0,0,0,0,1108,3221,0,0,0,0,0.900211,0.165775,0
0,4313,0.00704967,211.122,0.0029861,0,0.00649989,0,0,2173.5,2,0.00501526,0,16,0,4313,0,4283.77,0.0115821,0.273698,2,0,0,0.05,0,1000,599.78,0.0731672,0.00381403,43.6355,WAIT_DIE,0.000644498,0,0,0,1.50832,0,0.010016,0.00325609,0,0,0,0,0,false,0,0,0,0,0,0,16.1092,60.2801,0.0663658,0,0,0.00535587,0.011563,0,0,0.0415771,0.387903,0.00187018,0,0,1001,12.998,0,1665.95,2459,0,0,0,2,2,9715,0,1837,0,0.363756,0,0,0,1065.28,TWO_PC,0,1802.87,0,0,1.86574,2,0,0,0.530552,0.5,0.00857886,0,2,0,0,1475,4313,1.55267,0,0,2,0.900594,0.150698,0
0,4743,0.00832977,239.175,0.00338701,0,0.0071221,0,0,2463.27,0,0.0054972,0,20,0,4743,0,4709.35,0.0132864,0.35046,0,0,0,0.05,0,1000,684.424,0.102809,0.00438621,38.4383,WAIT_DIE,0,0,0,0,1.42743,0,0.0114772,0.00525835,0,0,0,0,0,false,0,0,0,0,0,0,20.1429,55.9777,0.071187,0,0,0.00638395,0.0118823,0,0,0.0458462,0.508418,0.00205277,0,0,1085,16.4116,0,1953.23,2721,0,0,0,0,0,10721,0,2031,0,0.390531,0,0,0,1156.5,TWO_PC,0,1933.16,0,0,0,0,0,0,0.636642,0.5,0.00869147,0,0,0,0,1627,4743,0,0,0,0,0.862387,0.136955,0
0,5581,0.00780979,252.304,0.00345785,0,0.00826492,0,0,2519.11,0,0.00543994,0,24,0,5581,0,5546.57,0.0155743,0.332993,0,0,0,0.05,0,1000,686.279,0.118471,0.0044046,77.3987,WAIT_DIE,0,0,0,0,1.38702,0,0.013014,0.00659021,0,0,0,0,0,false,0,0,0,0,0,0,24.149,93.9265,0.0859974,0,0,0.00602234,0.0207722,0,0,0.0538986,0.613625,0.00221489,0,0,1258,19.5732,0,1937.61,3175,0,0,0,0,0,12571,0,2413,0,0.699309,0,0,0,1232.92,TWO_PC,0,2095.02,0,0,0,0,0,0,0.744233,0.5,0.0127129,0,0,0,0,1910,5581,0,0,0,0,0.843919,0.158903,0
0,6166,0.0180852,339.733,0.00366667,0,0.00911637,0,0,2611.17,1,0.00547286,0,28,0,6166,0,6078.29,0.0180351,0.337565,1,0,0,0.05,0,1000,714.954,0.137806,0.00468479,168.959,WAIT_DIE,0.000295245,0,0,0,1.22137,0,0.0140848,0.00740933,0,0,0,0,0,false,0,0,0,0,0,0,28.404,183.604,0.146462,0,0,0.0059615,0.0342938,0,1,0.0595921,0.787257,0.00233886,0,0,1393,22.3471,0,2071.07,3520,0,0,0,1,1,13893,0,2676,0,1.39614,0,0,0,1273.37,TWO_PC,0,2159,0,0,0.325258,1,0,0,0.84632,0.5,0.0141801,0,0,0,0,2097,6166,0.624582,0,0,1,0.827222,0.185706,0
