prepare_phase (in us),log_size,num_log_yes,99%_latency,execute_phase (in us),average_latency,ZIPF_THETA,bytes_received,int_aborts_maat_resolve_failure,cache,num_aborts_restart,90%_latency,num_cache_misses,NUM_SERVER_THREADS,num_cache_remove,num_home_txn,time_waiting_for_job,Throughput,time_write_queue,time_debug3,num_aborts_execute,int_aborts_ws2,dummy_bytes_sent,PERC_REMOTE,num_cache_evictions,network (in us),commit_phase (in us),time_send_msg,CC (index) (in us),CC_ALG,time_abort_queue,int_urgentwrite,num_aborts_terminate,num_local_hits,time_input_idle,time_debug6,time_debug7,time_debug4,time_debug5,time_debug2,time_read_queue,time_debug1,int_aborts_maat_resolve_no_feasibles,LOG_NODE,int_saved_by_hist,int_debug5,int_aborts_rs3,int_aborts_rs2,int_aborts_rs1,int_debug4,run_time,logic (in us),time_recv_msg,num_cache_hits,95%_latency,max_latency,num_aborts_signal,num_aborts_ws,bytes_sent,time_read_input_queue,int_aborts_ws1,num_ro_read,int_aborts_maat_empty_interval_after_adjustment,num_remote_readonly_txn,time_idle,num_aborts_remote,num_remote_txn,int_debug6,num_cache_reads,num_ro_check,int_debug3,int_debug2,int_debug1,num_cache_bypass,num_local_txn,int_aborts_maat_adjust_others_failure,time_process_txn,int_inevitable,lock_phase (in us),num_cache_inserts,network_log (in us),COMMIT_ALG,num_cache_updates,total_log_yes (in us),num_renew_success,int_possibMVCC,wait (in us),num_waits,num_renew_failure,num_rw_check,time_wait_buffer,READ_PERC,time_write_output_queue,CC (row) (in us),num_aborts_rs,num_renew,num_no_need_to_renewal,num_remote_write_txn,num_commits,abort (in us),num_renewals,num_rw_read,num_aborts,time_output_idle,num_pre_aborts
33429,0,24,0.0753286,224.046,0.0448954,0,7.3424e-05,0,0,0,0.0752642,0,2,0,46,0,44.0001,0.000192416,0,0,0,0,0.05,0,23173.8,1.60109,0.000900536,133.202,WAIT_DIE,0,0,0,0,2.98477,0,0.000177164,3.5288e-05,0,0,0.0345234,0,0,false,0,0,0,0,0,0,2.0909,206.453,0.00111303,0,0.0753123,0.0753286,0,0,0.000454572,0.0211909,0,0,0,6,1.95453,0,25,0,0,0,0,0,0,0,21,0,0.0111769,0,0,0,36410.7,ONE_PC,0,30752.6,0,0,0,0,0,0,0.0203601,0.5,0.00014604,0,0,0,0,19,46,0,0,0,0,1.02732,0
35077.4,0,117,0.11689,173.93,0.0481035,0,0.000141452,0,0,0,0.0753511,0,4,0,84,0,79.819,0.000360562,0,0,0,0,0.05,0,24674.1,0.935762,0.00175905,61.3953,WAIT_DIE,0,0,0,0,1.90203,0,0.00033538,5.6562e-05,0,0,0.0637581,0,0,false,0,0,0,0,0,0,4.20952,104.52,0.0017201,0,0.0836667,0.11689,0,0,0.000839144,0.0372895,0,0,0,16,3.9222,0,51,0,0,0,0,0,0,0,36,0,0.0114929,0,0,0,36884.9,ONE_PC,0,31364.4,0,0,0,0,0,0,0.0464368,0.5,0.000160634,0,0,0,0,32,84,0,0,0,0,1.03492,0
35214.3,0,160,0.125586,214.591,0.0484443,0,0.000302984,0,0,0,0.075377,0,8,0,170,0,160.431,0.000535802,0,0,0,0,0.05,0,25564.3,1.1332,0.00287933,53.878,WAIT_DIE,0,0,0,0,1.80733,0,0.000484134,0.000117858,0,0,0.107473,0,0,false,0,0,0,0,0,0,8.47718,161.884,0.00294098,0,0.0809976,0.125603,0,0,0.00169248,0.0725,0,0,0,29,7.83345,0,102,0,0,0,0,0,0,0,67,0,0.0341882,0,0,0,38185.7,ONE_PC,0,32456.7,0,0,0,0,0,0,0.102249,0.5,0.000327836,0,0,0,0,74,170,0,0,0,0,1.0432,0
36319.6,0,129,0.0978431,281.631,0.0489839,0,0.00056692,0,0,0,0.0754977,0,16,0,337,0,316.043,0.00166641,0,0,0,0,0.05,0,25469.8,1.17323,0.00575308,44.7381,WAIT_DIE,0,0,0,0,2.12519,0,0.00154804,0.000242894,0,0,0.163758,0,0,false,0,0,0,0,0,0,17.061,143.315,0.0052499,0,0.0836875,0.100371,0,0,0.0032846,0.147919,0,0,0,56,15.6777,0,192,0,0,0,0,0,0,0,141,0,0.0606222,0,0,0,38260,ONE_PC,0,33735.7,0,0,0,0,0,0,0.224487,0.5,0.00071474,0,0,0,0,140,337,0,0,0,0,1.04915,0
39363,0,364,0.126937,345.632,0.0513531,0,0.000990936,0,0,0,0.0815464,0,32,0,643,0,593.805,0.00192338,0,0,0,0,0.05,0,26840.6,1.27807,0.0136093,68.6688,WAIT_DIE,0,0,0,0,2.24341,0,0.00173374,0.000638622,0,0,0.225344,0,0,false,0,0,0,0,0,0,34.6511,226.634,0.0108769,0,0.0895027,0.127434,0,0,0.00622295,0.339015,0,0,0,123,31.2941,0,356,0,0,0,0,0,0,0,286,0,0.175811,0,0,0,38779.2,ONE_PC,0,35154.7,0,0,0,0,0,0,0.53648,0.5,0.00165703,0,0,0,0,234,643,0,0,0,0,1.05863,0
30979.2,0,0,0.115355,277.622,0.0700728,0,3.6232e-05,0,0,0,0.115066,0,2,0,29,0,28.1468,9.6232e-05,0,0,0,0,0.05,0,21000.1,27839.5,0.000734872,155.873,WAIT_DIE,0,0,0,0,2.11169,0,9.008e-05,2.8958e-05,0,0,0.0341725,0,0,false,0,0,0,0,0,0,2.06062,264.219,0.000575768,0,0.115285,0.115355,0,0,0.000267768,0.0158766,0,0,0,4,1.95714,0,13,0,0,0,0,0,0,0,16,0,0.00898817,0,0,0,55538.3,TWO_PC,0,27699.7,0,0,0,0,0,0,0.015699,0.5,8.5152e-05,0,0,0,0,9,29,0,0,0,0,1.01269,0
35615.1,0,34,0.183212,166.419,0.078001,0,7.1564e-05,0,0,0,0.115899,0,4,0,53,0,49.2556,0.00017231,0,0,0,0,0.05,0,26289.7,27498.6,0.00105346,39.0613,WAIT_DIE,0,0,0,0,2.27684,0,0.000141846,4.8314e-05,0,0,0.0649283,0,0,false,0,0,0,0,0,0,4.30408,111.284,0.00467473,0,0.142744,0.183212,0,0,0.000511132,0.0490728,0,0,0,10,3.92556,0,25,0,0,0,0,0,0,0,27,0,0.00794152,0,0,0,57931.6,TWO_PC,0,30433.9,0,0,0,0,0,0,0.0596443,0.5,0.000148458,0,0,0,0,16,53,0,0,0,0,1.05885,0
33338.8,0,21,0.157741,150.813,0.0802387,0,0.00016666,0,0,0,0.124389,0,8,0,103,0,92.9828,0.000462828,0,0,0,0,0.05,0,33131.8,28492.4,0.00194261,27.7316,WAIT_DIE,0,0,0,0,1.92816,0,0.00043439,0.000132624,0,0,0.113093,0,0,false,0,0,0,0,0,0,8.86185,78.3625,0.00509949,0,0.125634,0.159001,0,0,0.00103341,0.114809,0,0,0,15,7.86003,0,60,0,0,0,0,0,0,0,46,0,0.0120228,0,0,0,56407.7,TWO_PC,0,27916.3,0,0,0,0,0,0,0.160021,0.5,0.000260634,0,0,0,0,42,103,0,0,0,0,1.0916,0
38084.7,0,36,0.183126,227.938,0.0796226,0,0.000320264,0,0,0,0.124691,0,16,0,206,0,192.63,0.00068614,0,0,0,0,0.05,0,32407.6,26142.4,0.00417175,52.7847,WAIT_DIE,0,0,0,0,2.27404,0,0.000624354,0.00026945,0,0,0.167632,0,0,false,0,0,0,0,0,0,17.1106,172.944,0.00289595,0,0.14972,0.199638,0,0,0.00200092,0.149375,0,0,0,31,15.6914,0,106,0,0,0,0,0,0,0,93,0,0.0464131,0,0,0,55842.8,TWO_PC,0,29702.5,0,0,0,0,0,0,0.224512,0.5,0.000990098,0,0,0,0,82,206,0,0,0,0,1.05388,0
37040.1,0,25,0.139984,256.859,0.0795926,0,0.000643504,0,0,0,0.116347,0,32,0,415,0,375.914,0.00178209,0,0,0,0,0.05,0,26635.3,28759.3,0.00642605,43.1691,WAIT_DIE,0,0,0,0,2.25931,0,0.00166751,0.00036682,0,0,0.237269,0,0,false,0,0,0,0,0,0,35.3272,139.849,0.0086654,0,0.116471,0.140161,0,0,0.00403519,0.410915,0,0,0,76,31.3904,0,232,0,0,0,0,0,0,0,185,0,0.0772476,0,0,0,62456.4,TWO_PC,0,33698,0,0,0,0,0,0,0.628671,0.5,0.00129956,0,0,0,0,154,415,0,0,0,0,1.08766,0
28816.4,0,128,0.0753076,208.371,0.0392391,0,8.1208e-05,0,0,0,0.0576774,0,2,0,52,0,48.6199,0.00015006,0,0,0,0,0.05,0,20167.4,1.90927,0.0010872,74.6462,WAIT_DIE,0,0,0,0,2.95393,0,0.00013259,4.529e-05,0,0,0.0351147,0,0,false,0,0,0,0,0,0,2.13904,114.73,0.0014454,0,0.0586375,0.0753076,0,0,0.000518688,0.0284482,0,0,0,7,1.9582,0,29,0,0,0,0,0,0,0,24,0,0.00775829,0,0,0,36437.9,ONE_PC,0,27846.9,0,0,0,0,0,0,0.0280195,0.5,0.000147658,0,0,0,0,21,52,0,0,0,0,1.05084,0
36088.3,0,173,0.100618,181.774,0.0480445,0,0.000143624,0,0,0,0.0754038,0,4,0,85,0,81.0221,0.00031562,0,0,0,0,0.05,0,22603.2,0.900565,0.00151783,75.4488,WAIT_DIE,0,0,0,0,2.08043,0,0.000277546,6.0672e-05,0,0,0.0626835,0,0,false,0,0,0,0,0,0,4.19639,138.424,0.00163497,0,0.0836869,0.100618,0,0,0.00083828,0.0357561,0,0,0,18,3.91917,0,51,0,0,0,0,0,0,0,36,0,0.0145593,0,0,0,37684,ONE_PC,0,32167.8,0,0,0,0,0,0,0.0436592,0.5,0.0001531,0,0,0,0,31,85,0,0,0,0,1.03184,0
38873.7,0,66,0.12538,170.935,0.0523041,0,0.00027254,0,0,0,0.0836122,0,8,0,159,0,148.244,0.000713796,0,0,0,0,0.05,0,27134.9,0.959585,0.00247401,44.3795,WAIT_DIE,0,0,0,0,1.60641,0,0.000670504,0.000107172,0,0,0.108773,0,0,false,0,0,0,0,0,0,8.58044,112.669,0.00278395,0,0.0923648,0.125412,0,0,0.00156985,0.0846429,0,0,0,27,7.84466,0,93,0,0,0,0,0,0,0,64,0,0.0235487,0,0,0,41593.4,ONE_PC,0,36059.1,0,0,0,0,0,0,0.118203,0.5,0.000290502,0,0,0,0,68,159,0,0,0,0,1.05639,0
42865.3,0,105,0.183955,235.279,0.0575709,0,0.00048658,0,0,0,0.0836833,0,16,0,285,0,268.789,0.0012556,0,0,0,0,0.05,0,30574.1,1.18357,0.00430083,32.8862,WAIT_DIE,0,0,0,0,2.21993,0,0.00116426,0.000224196,0,0,0.163552,0,0,false,0,0,0,0,0,0,16.965,98.5338,0.00465671,0,0.122133,0.209062,0,0,0.00280746,0.135153,0,0,0,45,15.6995,0,167,0,0,0,0,0,0,0,121,0,0.0387776,0,0,0,41694,ONE_PC,0,36869.6,0,0,0,0,0,0,0.210125,0.5,0.000681508,0,0,0,0,119,285,0,0,0,0,1.04491,0
39123.4,0,275,0.100382,405.447,0.0520518,0,0.000977696,0,0,0,0.0872545,0,32,0,628,0,582.327,0.00194823,0,0,0,0,0.05,0,28374.2,1.56032,0.0126271,77.7312,WAIT_DIE,0,0,0,0,2.33686,0,0.00176173,0.000692574,0,0,0.22355,0,0,false,0,0,0,0,0,0,34.5098,248.106,0.013378,0,0.0957502,0.108656,0,0,0.00607453,0.329089,0,0,0,121,31.2759,0,351,0,0,0,0,0,0,0,277,0,0.190262,0,0,0,36837.8,ONE_PC,0,32992.8,0,0,0,0,0,0,0.511912,0.5,0.00248533,0,0,0,0,230,628,0,0,0,0,1.05517,0
31917.2,0,10,0.112967,229.057,0.0705176,0,3.746e-05,0,0,0,0.112902,0,2,0,30,0,27.2007,0.000112864,0,0,0,0,0.05,0,22371.3,26610.9,0.000548522,92.6967,WAIT_DIE,0,0,0,0,2.15906,0,0.000102352,2.0986e-05,0,0,0.0363185,0,0,false,0,0,0,0,0,0,2.20582,188.58,0.000743266,0,0.112928,0.112967,0,0,0.000280288,0.0387692,0,0,0,4,1.95927,0,13,0,0,0,0,0,0,0,16,0,0.00680881,0,0,0,55855.3,TWO_PC,0,29245.1,0,0,0,0,0,0,0.037801,0.5,5.2056e-05,0,0,0,0,10,30,0,0,0,0,1.08433,0
33805,0,20,0.148287,339.033,0.0756161,0,7.6292e-05,0,0,0,0.12187,0,4,0,55,0,51.4879,0.000231478,0,0,0,0,0.05,0,21037.8,30456.1,0.00110705,258.848,WAIT_DIE,0,0,0,0,2.209,0,0.000210402,0.000150882,0,0,0.0646445,0,0,false,0,0,0,0,0,0,4.27285,330.383,0.00144262,0,0.122908,0.148287,0,0,0.000532248,0.0449881,0,0,0,11,3.91196,0,27,0,0,0,0,0,0,0,28,0,0.0211864,0,0,0,60234.5,TWO_PC,0,29780.3,0,0,0,0,0,0,0.05503,0.5,0.000236016,0,0,0,0,16,55,0,0,0,0,1.05102,0
33791.6,0,24,0.1562,166.374,0.0790804,0,0.00016524,0,0,0,0.124068,0,8,0,105,0,96.9051,0.000275088,0,0,0,0,0.05,0,34481.5,25728.3,0.00183622,38.6408,WAIT_DIE,0,0,0,0,1.88524,0,0.000248978,8.8908e-05,0,0,0.110486,0,0,false,0,0,0,0,0,0,8.66827,107.141,0.00189897,0,0.131374,0.15625,0,0,0.00103626,0.0932478,0,0,0,16,7.85295,0,56,0,0,0,0,0,0,0,47,0,0.0158755,0,0,0,53188.8,TWO_PC,0,27461.9,0,0,0,0,0,0,0.13023,0.5,0.000248334,0,0,0,0,42,105,0,0,0,0,1.06773,0
35858.5,0,0,0.150062,225.076,0.0789202,0,0.000353456,0,0,0,0.108363,0,16,0,214,0,194.479,0.0012314,0,0,0,0,0.05,0,25238.4,30507.9,0.00433002,52.0853,WAIT_DIE,0,0,0,0,2.24076,0,0.0011688,0.000160526,0,0,0.173201,0,0,false,0,0,0,0,0,0,17.606,176.017,0.00396808,0,0.116569,0.150107,0,0,0.00212178,0.20249,0,0,0,32,15.6914,0,127,0,0,0,0,0,0,0,96,0,0.0474241,0,0,0,62778.2,TWO_PC,0,32271.1,0,0,0,0,0,0,0.300399,0.5,0.000432164,0,0,0,0,86,214,0,0,0,0,1.08465,0
38570.7,0,0,0.15955,455.635,0.0837746,0,0.000614088,0,0,0,0.120604,0,32,0,395,0,358.712,0.00176682,0,0,0,0,0.05,0,27239.5,31669.5,0.00698496,63.2451,WAIT_DIE,0,0,0,0,2.4317,0,0.00165928,0.000408102,0,0,0.237898,0,0,false,0,0,0,0,0,0,35.2372,223.187,0.00855481,0,0.125469,0.159851,0,0,0.00383878,0.408767,0,0,0,72,31.3574,0,221,0,0,0,0,0,0,0,174,0,0.109839,0,0,0,67322.7,TWO_PC,0,35654.4,0,0,0,0,0,0,0.617431,0.5,0.00117088,0,0,0,0,149,395,0,0,0,0,1.08443,0
34606.5,0,10,0.0842843,178.471,0.0471195,0,6.88e-05,0,0,0,0.0752674,0,2,0,44,0,41.4379,0.000145152,0,0,0,0,0.05,0,24386.7,1.59827,0.000853298,87.9584,WAIT_DIE,0,0,0,0,3.28323,0,0.00013054,3.105e-05,0,0,0.0347757,0,0,false,0,0,0,0,0,0,2.12366,135.144,0.00106633,0,0.0752769,0.0842843,0,0,0.000432528,0.0257902,0,0,0,6,1.95847,0,24,0,0,0,0,0,0,0,20,0,0.00753622,0,0,0,35905.7,ONE_PC,0,31536.2,0,0,0,0,0,0,0.0252666,0.5,8.7142e-05,0,0,0,0,18,44,0,0,0,0,1.04374,0
36057.8,0,115,0.114226,241.228,0.0487246,0,0.000141348,0,0,0,0.0793765,0,4,0,85,0,80.1389,0.000307272,0,0,0,0,0.05,0,24686.2,1.46482,0.00157984,129.941,WAIT_DIE,0,0,0,0,1.7998,0,0.00027888,8.1346e-05,0,0,0.0640258,0,0,false,0,0,0,0,0,0,4.24264,219.784,0.00181342,0,0.083463,0.114226,0,0,0.000844244,0.0417295,0,0,0,17,3.9112,0,50,0,0,0,0,0,0,0,36,0,0.0225502,0,0,0,35813.5,ONE_PC,0,30693.7,0,0,0,0,0,0,0.0512748,0.5,0.000252696,0,0,0,0,32,85,0,0,0,0,1.04334,0
36255.2,0,88,0.12742,248.121,0.0522384,0,0.000270312,0,0,0,0.0806203,0,8,0,157,0,147.676,0.00054396,0,0,0,0,0.05,0,31430.1,1.63064,0.00291774,116.451,WAIT_DIE,0,0,0,0,1.54349,0,0.000482324,0.00020819,0,0,0.107486,0,0,false,0,0,0,0,0,0,8.50513,213.44,0.00328309,0,0.0835576,0.127898,0,0,0.00155831,0.0755608,0,0,0,27,7.82731,0,94,0,0,0,0,0,0,0,64,0,0.0412396,0,0,0,36469.2,ONE_PC,0,30602.6,0,0,0,0,0,0,0.107394,0.5,0.000716738,0,0,0,0,66,157,0,0,0,0,1.04616,0
40692.6,0,260,0.134318,262.665,0.0529253,0,0.00052686,0,0,0,0.0835079,0,16,0,312,0,290.902,0.00125814,0,0,0,0,0.05,0,26103.1,1.2725,0.00537168,51.5027,WAIT_DIE,0,0,0,0,2.2394,0,0.00116026,0.00026763,0,0,0.165694,0,0,false,0,0,0,0,0,0,17.1604,161.028,0.00449417,0,0.0851112,0.134423,0,0,0.00305992,0.156809,0,0,0,50,15.6762,0,179,0,0,0,0,0,0,0,132,0,0.0630814,0,0,0,42722.9,ONE_PC,0,37522.6,0,0,0,0,0,0,0.241805,0.5,0.000883732,0,0,0,0,130,312,0,0,0,0,1.05562,0
46937.5,0,139,0.150558,308.602,0.0600267,0,0.000873008,0,0,0,0.103514,0,32,0,553,0,515.56,0.00203711,0,0,0,0,0.05,0,29081.7,1.3063,0.0111548,46.5722,WAIT_DIE,0,0,0,0,2.18018,0,0.00186924,0.000597778,0,0,0.226277,0,0,false,0,0,0,0,0,0,34.3239,151.389,0.00665353,0,0.122726,0.169412,0,0,0.00538357,0.305489,0,0,0,101,31.3638,0,314,0,0,0,0,0,0,0,244,0,0.107647,0,0,0,49119,ONE_PC,0,43649.2,0,0,0,0,0,0,0.481833,0.5,0.00141381,0,0,0,0,208,553,0,0,0,0,1.05151,0
33444.4,0,0,0.119986,258.296,0.0702163,0,3.8712e-05,0,0,0,0.108546,0,2,0,30,0,28.1454,9.102e-05,0,0,0,0,0.05,0,19627,27191.7,0.000641554,105.572,WAIT_DIE,0,0,0,0,1.94671,0,8.069e-05,8.0498e-05,0,0,0.035192,0,0,false,0,0,0,0,0,0,2.13179,232.579,0.00346098,0,0.109799,0.119986,0,0,0.000282544,0.0271235,0,0,0,4,1.95781,0,14,0,0,0,0,0,0,0,16,0,0.00828155,0,0,0,58141.2,TWO_PC,0,30950.2,0,0,0,0,0,0,0.0263218,0.5,6.162e-05,0,0,0,0,10,30,0,0,0,0,1.04778,0
32218.8,0,24,0.170982,284.412,0.0703622,0,8.2488e-05,0,0,0,0.10384,0,4,0,60,0,55.0393,0.000184944,0,0,0,0,0.05,0,18382.5,28478.9,0.00105843,161.586,WAIT_DIE,0,0,0,0,2.40141,0,0.000169156,4.676e-05,0,0,0.0657623,0,0,false,0,0,0,0,0,0,4.36052,263.18,0.00135118,0,0.12009,0.170982,0,0,0.000576408,0.056636,0,0,0,14,3.91482,0,28,0,0,0,0,0,0,0,28,0,0.0187477,0,0,0,57894,TWO_PC,0,29416.7,0,0,0,0,0,0,0.0684266,0.5,0.000153992,0,0,0,0,18,60,0,0,0,0,1.07268,0
34565.5,0,33,0.149957,225.468,0.0801415,0,0.000164012,0,0,0,0.120838,0,8,0,104,0,95.8696,0.000359768,0,0,0,0,0.05,0,31270.8,28284.8,0.00258131,91.8223,WAIT_DIE,0,0,0,0,1.69239,0,0.00032652,0.000131522,0,0,0.115212,0,0,false,0,0,0,0,0,0,8.67845,193.969,0.00195582,0,0.121048,0.150159,0,0,0.00102886,0.0944402,0,0,0,16,7.84263,0,56,0,0,0,0,0,0,0,47,0,0.0262232,0,0,0,56199.6,TWO_PC,0,27915.7,0,0,0,0,0,0,0.131662,0.5,0.000273708,0,0,0,0,41,104,0,0,0,0,1.06698,0
34857.9,0,33,0.169065,233.204,0.0770694,0,0.000345936,0,0,0,0.120501,0,16,0,216,0,193.99,0.000985288,0,0,0,0,0.05,0,29657.4,27112.2,0.00389516,50.1892,WAIT_DIE,0,0,0,0,2.13162,0,0.000912482,0.000163342,0,0,0.171934,0,0,false,0,0,0,0,0,0,17.8153,167.131,0.00375519,0,0.127291,0.169097,0,0,0.00212776,0.224962,0,0,0,32,15.6928,0,119,0,0,0,0,0,0,0,98,0,0.0458565,0,0,0,55520.8,TWO_PC,0,28409.8,0,0,0,0,0,0,0.334748,0.5,0.000539968,0,0,0,0,86,216,0,0,0,0,1.09787,0
37237.3,0,60,0.127562,321.149,0.0804524,0,0.000650996,0,0,0,0.11995,0,32,0,417,0,374.148,0.00194099,0,0,0,0,0.05,0,26868.2,29338.3,0.00830088,71.9627,WAIT_DIE,0,0,0,0,2.38849,0,0.00181047,0.000384156,0,0,0.239849,0,0,false,0,0,0,0,0,0,35.665,248.629,0.00554127,0,0.126925,0.133802,0,0,0.00405893,0.45339,0,0,0,77,31.3431,0,236,0,0,0,0,0,0,0,184,0,0.127587,0,0,0,62814.7,TWO_PC,0,33477.5,0,0,0,0,0,0,0.684046,0.5,0.00129526,0,0,0,0,156,417,0,0,0,0,1.09581,0
32673.1,0,0,0.0926894,210.404,0.0464247,0,6.88e-05,0,0,0,0.0752623,0,2,0,44,0,42.2771,0.000156986,0,0,0,0,0.05,0,26465.6,1.90823,0.00106824,90.155,WAIT_DIE,0,0,0,0,1.5311,0,0.000143072,3.4388e-05,0,0,0.0343451,0,0,false,0,0,0,0,0,0,2.0815,204.458,0.00387065,0,0.0752715,0.0926894,0,0,0.000432528,0.0193794,0,0,0,6,1.9553,0,24,0,0,0,0,0,0,0,20,0,0.0108659,0,0,0,35062.6,ONE_PC,0,29368.1,0,0,0,0,0,0,0.0191495,0.5,9.1054e-05,0,0,0,0,18,44,0,0,0,0,1.02269,0
36303.9,0,20,0.0936022,155.145,0.0470186,0,0.000147224,0,0,0,0.0767089,0,4,0,87,0,82.3384,0.000284008,0,0,0,0,0.05,0,20493.1,1.03262,0.00142847,58.4256,WAIT_DIE,0,0,0,0,1.76465,0,0.000258188,5.908e-05,0,0,0.0636248,0,0,false,0,0,0,0,0,0,4.22646,105.562,0.00428645,0,0.0835914,0.0936022,0,0,0.00086338,0.039549,0,0,0,18,3.92185,0,52,0,0,0,0,0,0,0,37,0,0.0118073,0,0,0,39514.2,ONE_PC,0,34554.6,0,0,0,0,0,0,0.0490421,0.5,0.00015681,0,0,0,0,32,87,0,0,0,0,1.03962,0
34979.5,0,334,0.0920592,185.467,0.0474836,0,0.000308012,0,0,0,0.0754732,0,8,0,174,0,165.666,0.000745654,0,0,0,0,0.05,0,24699.3,1.64349,0.00359725,24.9247,WAIT_DIE,0,0,0,0,1.66864,0,0.000692668,0.000198526,0,0,0.105606,0,0,false,0,0,0,0,0,0,8.40247,69.5518,0.00269429,0,0.0835538,0.105445,0,0,0.00172838,0.0639106,0,0,0,30,7.85057,0,104,0,0,0,0,0,0,0,67,0,0.0180778,0,0,0,37005.1,ONE_PC,0,32235.9,0,0,0,0,0,0,0.0902883,0.5,0.000526322,0,0,0,0,77,174,0,0,0,0,1.03324,0
36009,0,307,0.11767,226.761,0.0493825,0,0.000572108,0,0,0,0.0752887,0,16,0,334,0,314.734,0.00101361,0,0,0,0,0.05,0,26708.6,1.57282,0.00601945,41.6822,WAIT_DIE,0,0,0,0,2.36048,0,0.000918352,0.000358834,0,0,0.163454,0,0,false,0,0,0,0,0,0,16.9794,122.747,0.00772663,0,0.0834873,0.11784,0,0,0.00326716,0.137545,0,0,0,55,15.6857,0,193,0,0,0,0,0,0,0,139,0,0.0535491,0,0,0,37894.7,ONE_PC,0,32582.5,0,0,0,0,0,0,0.21173,0.5,0.00122522,0,0,0,0,140,334,0,0,0,0,1.04363,0
39903.9,0,536,0.10876,338.267,0.0521627,0,0.000977496,0,0,0,0.08779,0,32,0,632,0,593.737,0.00281001,0,0,0,0,0.05,0,26803.4,1.26062,0.0122606,63.507,WAIT_DIE,0,0,0,0,2.17003,0,0.00262509,0.000632036,0,0,0.22138,0,0,false,0,0,0,0,0,0,34.0622,222.175,0.0111144,0,0.0963648,0.109049,0,0,0.0061121,0.280167,0,0,0,121,31.2992,0,353,0,0,0,0,0,0,0,281,0,0.170165,0,0,0,40777.7,ONE_PC,0,35717.5,0,0,0,0,0,0,0.439094,0.5,0.00181257,0,0,0,0,230,632,0,0,0,0,1.04156,0
30630,0,0,0.121374,328.497,0.0692848,0,3.7484e-05,0,0,0,0.104774,0,2,0,29,0,26.9809,0.000119744,0,0,0,0,0.05,0,18578.1,28532.2,0.000725442,204.151,WAIT_DIE,0,0,0,0,2.09378,0,0.000112848,4.115e-05,0,0,0.0356958,0,0,false,0,0,0,0,0,0,2.14967,323.516,0.000746726,0,0.108636,0.121374,0,0,0.000270024,0.0299938,0,0,0,4,1.95491,0,14,0,0,0,0,0,0,0,16,0,0.0106251,0,0,0,57055.3,TWO_PC,0,28523.9,0,0,0,0,0,0,0.029025,0.5,9.209e-05,0,0,0,0,9,29,0,0,0,0,1.05662,0
34643.6,0,0,0.193282,242.355,0.076899,0,7.5536e-05,0,0,0,0.112368,0,4,0,55,0,49.9472,0.000152104,0,0,0,0,0.05,0,22574.6,30765,0.00136723,138.971,WAIT_DIE,0,0,0,0,2.2302,0,0.000134596,7.1256e-05,0,0,0.0664282,0,0,false,0,0,0,0,0,0,4.40465,230.61,0.002417,0,0.124578,0.193282,0,0,0.000532468,0.0620491,0,0,0,10,3.91772,0,28,0,0,0,0,0,0,0,28,0,0.0157799,0,0,0,59749.7,TWO_PC,0,28985.4,0,0,0,0,0,0,0.0751777,0.5,0.000183462,0,0,0,0,17,55,0,0,0,0,1.08333,0
36121,0,0,0.153022,221.275,0.0797576,0,0.000162304,0,0,0,0.108808,0,8,0,104,0,94.8914,0.000359912,0,0,0,0,0.05,0,23673.8,31673.6,0.00174421,76.8902,WAIT_DIE,0,0,0,0,1.73896,0,0.000331616,9.2186e-05,0,0,0.112107,0,0,false,0,0,0,0,0,0,8.76792,199.415,0.00184335,0,0.116286,0.153329,0,0,0.00103521,0.104169,0,0,0,16,7.84372,0,59,0,0,0,0,0,0,0,48,0,0.0251466,0,0,0,64672.7,TWO_PC,0,32999.9,0,0,0,0,0,0,0.147255,0.5,0.00029313,0,0,0,0,40,104,0,0,0,0,1.08021,0
35677.3,0,46,0.172192,213.172,0.0814648,0,0.000314136,0,0,0,0.122849,0,16,0,200,0,184.976,0.00112839,0,0,0,0,0.05,0,31701.2,29443.2,0.00443927,47.2315,WAIT_DIE,0,0,0,0,2.1475,0,0.00105934,0.00013977,0,0,0.169806,0,0,false,0,0,0,0,0,0,17.2996,151.14,0.00306907,0,0.13125,0.172208,0,0,0.00195757,0.16997,0,0,0,29,15.6979,0,111,0,0,0,0,0,0,0,92,0,0.0395457,0,0,0,59155.8,TWO_PC,0,29713.4,0,0,0,0,0,0,0.256,0.5,0.000380972,0,0,0,0,79,200,0,0,0,0,1.06493,0
39450.2,0,0,0.178327,240.366,0.0839705,0,0.000611988,0,0,0,0.12306,0,32,0,397,0,358.777,0.00129118,0,0,0,0,0.05,0,32005.5,28681,0.0062511,48.9839,WAIT_DIE,0,0,0,0,2.18949,0,0.00116127,0.000507078,0,0,0.243902,0,0,false,0,0,0,0,0,0,35.4092,163.418,0.00617102,0,0.138296,0.178433,0,0,0.00385614,0.419519,0,0,0,72,31.3915,0,220,0,0,0,0,0,0,0,176,0,0.0843738,0,0,0,60590.6,TWO_PC,0,31910.6,0,0,0,0,0,0,0.637042,0.5,0.00101324,0,0,0,0,149,397,0,0,0,0,1.08953,0
33416.1,0,45,0.085233,312.606,0.0456721,0,7.1316e-05,0,0,0,0.0714713,0,2,0,45,0,43.2067,0.00015079,0,0,0,0,0.05,0,22504,1.07227,0.000895632,148.793,WAIT_DIE,0,0,0,0,1.87609,0,0.000135966,3.678e-05,0,0,0.034393,0,0,false,0,0,0,0,0,0,2.08301,267.59,0.00123987,0,0.0751913,0.085233,0,0,0.000445232,0.0196075,0,0,0,6,1.95229,0,26,0,0,0,0,0,0,0,21,0,0.0139244,0,0,0,35478.6,ONE_PC,0,30837.2,0,0,0,0,0,0,0.0193434,0.5,0.000159432,0,0,0,0,18,45,0,0,0,0,1.02363,0
35180,0,133,0.100799,178.083,0.0468462,0,0.000146304,0,0,0,0.0753072,0,4,0,88,0,82.6723,0.000346538,0,0,0,0,0.05,0,22675.2,1.39609,0.00195549,31.8933,WAIT_DIE,0,0,0,0,1.99772,0,0.000306284,5.706e-05,0,0,0.0643586,0,0,false,0,0,0,0,0,0,4.25777,87.0043,0.00495204,0,0.0754132,0.100799,0,0,0.000870696,0.0433989,0,0,0,18,3.92305,0,52,0,0,0,0,0,0,0,37,0,0.0104999,0,0,0,38034.2,ONE_PC,0,32205.5,0,0,0,0,0,0,0.0539896,0.5,0.000189896,0,0,0,0,33,88,0,0,0,0,1.04657,0
36395.5,0,337,0.0979666,243.728,0.0491456,0,0.000301764,0,0,0,0.0754301,0,8,0,166,0,157.05,0.000443564,0,0,0,0,0.05,0,26419.3,1.41553,0.00368411,53.5901,WAIT_DIE,0,0,0,0,1.90353,0,0.000393034,0.00022907,0,0,0.106185,0,0,false,0,0,0,0,0,0,8.4559,172.971,0.00316206,0,0.0812573,0.0980638,0,0,0.00165839,0.0696256,0,0,0,29,7.83371,0,104,0,0,0,0,0,0,0,65,0,0.0353456,0,0,0,37051.5,ONE_PC,0,31909,0,0,0,0,0,0,0.099968,0.5,0.000462614,0,0,0,0,72,166,0,0,0,0,1.03956,0
37277.7,0,300,0.127248,340.924,0.0502655,0,0.000564056,0,0,0,0.079443,0,16,0,331,0,302.883,0.00109825,0,0,0,0,0.05,0,26558.2,1.79172,0.00511217,49.3077,WAIT_DIE,0,0,0,0,2.32427,0,0.000990756,0.000471772,0,0,0.170021,0,0,false,0,0,0,0,0,0,17.4853,152.931,0.0097782,0,0.0835971,0.127591,0,0,0.00323965,0.191657,0,0,0,55,15.6725,0,192,0,0,0,0,0,0,0,139,0,0.0650798,0,0,0,39192.7,ONE_PC,0,34031,0,0,0,0,0,0,0.291031,0.5,0.00162201,0,0,0,0,137,331,0,0,0,0,1.07536,0
38817.3,0,184,0.121861,325.913,0.0508371,0,0.000998376,0,0,0,0.0810681,0,32,0,641,0,601.384,0.00222983,0,0,0,0,0.05,0,27369,1.6995,0.0100446,58.5127,WAIT_DIE,0,0,0,0,2.12877,0,0.0020342,0.00075656,0,0,0.222376,0,0,false,0,0,0,0,0,0,34.108,201.581,0.00758515,0,0.0906441,0.122251,0,0,0.00621384,0.287553,0,0,0,121,31.3096,0,363,0,0,0,0,0,0,0,284,0,0.161372,0,0,0,37201.2,ONE_PC,0,33530.9,0,0,0,0,0,0,0.445032,0.5,0.00299056,0,0,0,0,236,641,0,0,0,0,1.04486,0
31265.7,0,0,0.10615,147.729,0.068416,0,3.994e-05,0,0,0,0.100346,0,2,0,31,0,29.2297,0.00010931,0,0,0,0,0.05,0,21251.9,26067.9,0.000823898,41.7295,WAIT_DIE,0,0,0,0,2.93328,0,0.000102304,3.552e-05,0,0,0.0349354,0,0,false,0,0,0,0,0,0,2.12113,90.6654,0.00076657,0,0.106082,0.10615,0,0,0.000290968,0.0254892,0,0,0,4,1.96241,0,14,0,0,0,0,0,0,0,16,0,0.00361429,0,0,0,54013,TWO_PC,0,27945.7,0,0,0,0,0,0,0.0248521,0.5,5.9358e-05,0,0,0,0,11,31,0,0,0,0,1.04244,0
33183.9,0,32,0.123031,193.379,0.0740476,0,8.0136e-05,0,0,0,0.122659,0,4,0,57,0,52.6997,0.000254718,0,0,0,0,0.05,0,24675.5,26671.1,0.00117716,80.4753,WAIT_DIE,0,0,0,0,1.95065,0,0.00022218,8.1006e-05,0,0,0.0651103,0,0,false,0,0,0,0,0,0,4.3264,164.358,0.00120797,0,0.123,0.123031,0,0,0.000551432,0.0518151,0,0,0,12,3.92238,0,29,0,0,0,0,0,0,0,28,0,0.0112909,0,0,0,54371,TWO_PC,0,27700.5,0,0,0,0,0,0,0.0638202,0.5,0.000122732,0,0,0,0,17,57,0,0,0,0,1.06423,0
33791.2,0,35,0.125466,161.818,0.0783845,0,0.000161152,0,0,0,0.110065,0,8,0,105,0,98.7473,0.000451126,0,0,0,0,0.05,0,26265.7,30468.8,0.0022184,26.9402,WAIT_DIE,0,0,0,0,1.69104,0,0.000424248,6.7306e-05,0,0,0.108645,0,0,false,0,0,0,0,0,0,8.50656,75.3445,0.00394464,0,0.114339,0.131093,0,0,0.00103821,0.0749897,0,0,0,15,7.85651,0,57,0,0,0,0,0,0,0,48,0,0.0119101,0,0,0,61412,TWO_PC,0,30944.1,0,0,0,0,0,0,0.10384,0.5,0.000174944,0,0,0,0,42,105,0,0,0,0,1.04759,0
36887.2,0,0,0.142552,236.515,0.0831248,0,0.000324096,0,0,0,0.124542,0,16,0,204,0,181.369,0.000675846,0,0,0,0,0.05,0,36585,26423.2,0.00294924,43.2075,WAIT_DIE,0,0,0,0,2.34654,0,0.00062095,0.000139862,0,0,0.176547,0,0,false,0,0,0,0,0,0,17.9965,133.136,0.00340785,0,0.131537,0.142761,0,0,0.00199437,0.243824,0,0,0,30,15.7007,0,111,0,0,0,0,0,0,0,92,0,0.0376661,0,0,0,56518,TWO_PC,0,30095.8,0,0,0,0,0,0,0.35963,0.5,0.000388334,0,0,0,0,82,204,0,0,0,0,1.11027,0
36236.6,0,52,0.176953,300.865,0.0830258,0,0.000617964,0,0,0,0.13184,0,32,0,396,0,365.969,0.0012256,0,0,0,0,0.05,0,31594,29910.6,0.00618907,65.3399,WAIT_DIE,0,0,0,0,2.30666,0,0.00110845,0.000443238,0,0,0.237879,0,0,false,0,0,0,0,0,0,34.6258,223.285,0.00614025,0,0.156958,0.177117,0,0,0.00385174,0.334879,0,0,0,73,31.3624,0,224,0,0,0,0,0,0,0,175,0,0.110427,0,0,0,60873.8,TWO_PC,0,30964.3,0,0,0,0,0,0,0.517215,0.5,0.00150861,0,0,0,0,148,396,0,0,0,0,1.06608,0
