log_size,num_log_yes,99%_latency,execute_phase (in us),average_latency,ZIPF_THETA,bytes_received,int_aborts_maat_resolve_failure,cache,prepare_phase_1 (in us),num_aborts_restart,90%_latency,num_cache_misses,NUM_SERVER_THREADS,num_cache_remove,num_home_txn,time_waiting_for_job,Throughput,time_write_queue,time_debug3,num_aborts_execute,int_aborts_ws2,dummy_bytes_sent,PERC_REMOTE,num_cache_evictions,LOG_TIMEOUT,commit_phase (in us),time_send_msg,CC (index) (in us),CC_ALG,time_abort_queue,int_urgentwrite,num_aborts_terminate,num_local_hits,time_input_idle,time_debug6,time_debug7,time_debug4,time_debug5,time_debug2,time_read_queue,time_debug1,int_aborts_maat_resolve_no_feasibles,LOG_NODE,int_saved_by_hist,int_debug5,int_aborts_rs3,int_aborts_rs2,int_aborts_rs1,int_debug4,run_time,logic (in us),time_recv_msg,num_cache_hits,95%_latency,max_latency,num_aborts_signal,num_aborts_ws,bytes_sent,time_read_input_queue,int_aborts_ws1,num_ro_read,int_aborts_maat_empty_interval_after_adjustment,num_remote_readonly_txn,time_idle,num_aborts_remote,network (in us),num_remote_txn,int_debug6,num_cache_reads,num_ro_check,int_debug3,int_debug2,int_debug1,num_cache_bypass,num_local_txn,int_aborts_maat_adjust_others_failure,time_process_txn,int_inevitable,lock_phase (in us),num_cache_inserts,network_log (in us),COMMIT_ALG,num_cache_updates,total_log_yes (in us),num_renew_success,int_possibMVCC,wait (in us),num_waits,num_renew_failure,num_rw_check,time_wait_buffer,READ_PERC,time_write_output_queue,CC (row) (in us),num_aborts_rs,num_renew,num_no_need_to_renewal,num_remote_write_txn,num_commits,abort (in us),num_renewals,num_rw_read,num_aborts,time_output_idle,prepare_phase_2 (in us),num_pre_aborts
0,833,0.005849,208.666,0.00240181,0,0.00120231,0,0,1697.53,0,0.00375316,0,2,0,833,0,830.37,0.00284676,0,0,0,0,0.05,0,1000,0.60119,0.016532,59.0853,WAIT_DIE,0,0,0,0,2.79396,0,0.00251947,0.000656382,0,0,0.156517,0,0,false,0,0,0,0,0,0,2.00633,166.428,0.0159182,0,0.00443525,0.00770755,0,0,0.00807262,0.0661055,0,0,0,183,1.49932,0,1128.1,456,0,0,0,0,0,1701,0,376,0,0.161566,0,0,0,850.155,ONE_PC,0,1524.69,0,0,0,0,0,0,0.063844,0.5,0.00265443,0,0,0,0,274,833,0,0,0,0,0.906071,0.076066,0
0,1574,0.00656569,171.715,0.00254172,0,0.00233834,0,0,1799.44,3,0.00433233,0,4,0,1574,0,1569.64,0.00456713,0,3,0,0,0.05,0,1000,0.595172,0.0301523,66.3645,WAIT_DIE,0.00225912,0,0,0,2.17908,0,0.00402667,0.00110215,0,0,0.20456,0,0,false,0,0,0,0,0,0,4.01111,129.28,0.0375496,0,0.00498671,0.0089442,0,3,0.0153607,0.109404,0,0,0,353,3.07764,0,1263.03,889,0,0,0,0,3,3334,0,689,0,0.242063,0,0,0,864.614,ONE_PC,0,1561.72,0,0,0,0,0,0,0.130585,0.5,0.00371399,0,0,0,0,532,1574,1.798,0,0,3,0.919256,0.0812427,0
0,2843,0.00701986,231.668,0.00281884,0,0.00431123,0,0,1957.86,0,0.00478868,0,8,0,2843,0,2823.79,0.00864001,0,0,0,0,0.05,0,1000,0.699915,0.0533706,49.36,WAIT_DIE,0,0,0,0,1.85801,0,0.00768602,0.00250166,0,0,0.253983,0,0,false,0,0,0,0,0,0,8.05442,165.3,0.0605152,0,0.00528381,0.0120282,0,0,0.0276654,0.196581,0,0,0,656,6.11598,0,1437.33,1643,0,0,0,0,0,6102,0,1204,0,0.558069,0,0,0,919.437,ONE_PC,0,1674.29,0,0,0,0,0,0,0.266209,0.5,0.00727125,0,0,0,0,983,2843,0,0,0,0,0.912092,0.114809,0
0,4939,0.00756918,253.953,0.00323919,0,0.00743882,0,0,2291.25,0,0.00520837,0,16,0,4939,0,4918.68,0.0146528,0,0,0,0,0.05,0,1000,0.881301,0.0857823,40.5438,WAIT_DIE,0,0,0,0,1.60143,0,0.0127261,0.00442103,0,0,0.266532,0,0,false,0,0,0,0,0,0,16.0661,130.26,0.0898438,0,0.00574733,0.0218034,0,0,0.0478063,0.415609,0,0,0,1136,12.6595,0,1699.03,2843,0,0,0,0,0,10354,0,2115,0,0.807592,0,0,0,1006.22,ONE_PC,0,1842.91,0,0,0,0,0,0,0.495255,0.5,0.0139634,0,0,0,0,1688,4939,0,0,0,0,0.882931,0.12911,0
0,7291,0.0211424,386.141,0.00439448,0,0.0109043,0,0,2964.39,3,0.00749758,0,32,0,7291,0,7148.88,0.0186521,0,3,0,0,0.05,0,1000,0.826383,0.145519,42.3257,WAIT_DIE,0.00185002,0,0,0,1.35543,0,0.0145956,0.00834738,0,0,0.344124,0,0,false,0,0,0,0,0,0,32.6361,60.7995,0.119751,0,0.00824448,0.0358399,0,0,0.070884,1.01814,0,0,0,1674,26.2567,0,2562.73,4270,0,0,0,0,5,15774,0,3143,0,0.68208,0,0,0,1232.56,ONE_PC,0,2218.26,0,0,0,0,0,0,0.968957,0.5,0.0135985,0,5,0,0,2474,7291,1.78168,0,0,3,0.822505,0.132944,0
0,3333,0.0800325,2486.73,0.0109145,0,0.00496753,0,0,5774.83,1,0.0234528,0,36,0,3333,0,3156.02,0.00872516,0,1,0,0,0.05,0,1000,0.936386,0.0635612,85.5814,WAIT_DIE,0.000190075,0,0,0,1.46886,0,0.00714853,0.00355615,0,0,0.375538,0,0,false,0,0,0,0,0,0,38.0188,108.748,0.0999171,0,0.0319519,0.175992,0,0,0.0321149,1.44791,0,0,0,742,29.6508,0,7694.61,1849,0,0,0,0,1,7045,0,1426,0,0.540667,0,0,0,1757.28,ONE_PC,0,3220.61,0,0,0,0,0,0,1.20734,0.5,0.0227783,0,1,0,0,1165,3333,0.0787759,0,0,1,0.939894,0.131266,0
0,1807,0.129701,5989.08,0.0228832,0,0.00274147,0,0,11809.1,5,0.0638207,0,40,0,1807,0,1593.66,0.00481907,0,5,0,0,0.05,0,1000,9.85585,0.035066,289.952,WAIT_DIE,0.0020886,0,0,0,1.11924,0,0.0038252,0.0018224,0,0,0.547363,0,0,false,0,0,0,0,0,0,45.3547,305.456,0.333273,0,0.0917668,0.22609,0,0,0.0173945,2.13478,0,0,0,389,32.5322,0,16142,1001,0,0,0,0,5,3898,0,771,0,1.0163,0,0,0,4157,ONE_PC,0,7209.68,0,0,0,0,0,0,1.88619,0.5,0.00348501,0,5,0,0,647,1807,17.3934,0,0,5,0.80939,0.139956,0
0,1116,0.184567,12903.4,0.0443435,0,0.00164996,0,0,21445.4,0,0.0994914,0,48,0,1116,0,955.643,0.0255333,0,0,0,0,0.05,0,1000,1.04992,0.0852824,254.694,WAIT_DIE,0,0,0,0,1.4733,0,0.0248912,0.00123426,0,0,0.695699,0,0,false,0,0,0,0,0,0,56.0544,428.044,0.194622,0,0.123685,0.225941,0,0,0.0106296,3.25448,0,0,0,238,38.5511,0,31712,610,0,0,0,0,0,2422,0,492,0,0.721824,0,0,0,8750.49,ONE_PC,0,14285.1,0,0,0,0,0,0,2.42985,0.5,0.0162641,0,0,0,0,386,1116,0,0,0,0,0.416008,0.145674,0
0,1276,0.191175,11497.7,0.043279,0,0.00191422,0,0,21337.7,0,0.107727,0,56,0,1276,0,1138.26,0.0032041,0,0,0,0,0.05,0,1000,0.999375,0.0355523,852.214,WAIT_DIE,0,0,0,0,1.21011,0,0.00252192,0.00138155,0,0,0.521862,0,0,false,0,0,0,0,0,0,62.7765,934.034,0.346638,0,0.137267,0.241755,0,0,0.0122639,3.13306,0,0,0,273,42.2476,0,32012.3,737,0,0,0,0,0,2860,0,560,0,2.71079,0,0,0,4900.32,ONE_PC,0,8420.83,0,0,0,0,0,0,2.20339,0.5,0.0024174,0,0,0,0,443,1276,0,0,0,0,0.754857,0.133673,0
0,664,0.00938878,218.524,0.00302213,0,0.000966372,0,0,1709.54,0,0.00542672,0,2,0,664,0,660.965,0.00178276,0,0,0,0,0.05,0,1000,465.843,0.0117119,64.3848,WAIT_DIE,0,0,0,0,2.36695,0,0.00151691,0.000412602,0,0,0.152138,0,0,false,0,0,0,0,0,0,2.00918,143.903,0.0251176,0,0.00683381,0.0103568,0,0,0.00641547,0.0671331,0,0,0,151,1.54059,0,1321.23,370,0,0,0,0,0,1470,0,295,0,0.112611,0,0,0,881.723,TWO_PC,0,1488.55,0,0,0,0,0,0,0.0658439,0.5,0.00144881,0,0,0,0,218,664,0,0,0,0,0.915827,0.12825,0
0,1339,0.00809082,192.877,0.00298545,0,0.00197356,0,0,1722.45,0,0.00572505,0,4,0,1339,0,1334.97,0.00696084,0,0,0,0,0.05,0,1000,490.124,0.0229187,66.1088,WAIT_DIE,0,0,0,0,1.83558,0,0.00649996,0.000953822,0,0,0.210579,0,0,false,0,0,0,0,0,0,4.01209,138.438,0.0363366,0,0.00620731,0.0103345,0,0,0.0130296,0.109307,0,0,0,310,3.09604,0,1251.39,760,0,0,0,0,0,2996,0,581,0,0.219707,0,0,0,892.946,TWO_PC,0,1510.58,0,0,0,0,0,0,0.135451,0.5,0.00282211,0,0,0,0,448,1339,0,0,0,0,0.925859,0.148503,0
0,2391,0.00894895,216.073,0.00334785,0,0.00363636,0,0,1887.8,0,0.00635639,0,8,0,2391,0,2375.52,0.00640632,0,0,0,0,0.05,0,1000,529.39,0.0410618,48.0533,WAIT_DIE,0,0,0,0,1.83975,0,0.00559442,0.00219883,0,0,0.254763,0,0,false,0,0,0,0,0,0,8.05213,160.757,0.0493835,0,0.00719178,0.0133565,0,0,0.0232062,0.194976,0,0,0,550,6.19716,0,1517.92,1371,0,0,0,0,0,5437,0,997,0,0.458367,0,0,0,918.582,TWO_PC,0,1562.58,0,0,0,0,0,0,0.270401,0.5,0.0068693,0,0,0,0,844,2391,0,0,0,0,0.926381,0.155226,0
0,4081,0.00931679,245.245,0.00392239,0,0.00615131,0,0,2275.44,0,0.00745083,0,16,0,4081,0,4046.82,0.0129875,0,0,0,0,0.05,0,1000,633.357,0.0735238,42.5009,WAIT_DIE,0,0,0,0,1.67914,0,0.0114315,0.00406631,0,0,0.271302,0,0,false,0,0,0,0,0,0,16.1352,142.249,0.0736409,0,0.00809776,0.0230878,0,0,0.0393927,0.403675,0,0,0,933,12.8028,0,1704.45,2335,0,0,0,0,0,9210,0,1752,0,0.742192,0,0,0,1124.67,TWO_PC,0,1909.11,0,0,0,0,0,0,0.487696,0.5,0.0118875,0,0,0,0,1396,4081,0,0,0,0,0.901709,0.200453,0
0,4408,0.0319735,1081.69,0.00731537,0,0.0066462,0,0,3650.82,1,0.021155,0,32,0,4408,0,4238.41,0.0137954,0,1,0,0,0.05,0,1000,813.435,0.0970104,203.098,WAIT_DIE,0.000592656,0,0,0,1.10551,0,0.0109351,0.00509885,0,0,0.364465,0,0,false,0,0,0,0,0,0,33.2804,215.919,0.156376,0,0.0237892,0.155891,0,2,0.0427846,0.985662,0,0,0,988,25.8924,0,4272.64,2515,0,0,0,0,2,9985,0,1887,0,1.16492,0,0,0,1487.78,TWO_PC,0,2561.64,0,0,0,0,0,0,1.07522,0.5,0.0107056,0,0,0,0,1533,4408,1.26493,0,0,1,0.901227,0.228638,0
0,5289,0.0451689,924.989,0.00684427,0,0.00788837,0,0,3498.18,7,0.0192467,0,36,0,5289,0,5006.18,0.0136433,0,7,0,0,0.05,0,1000,990.292,0.175557,114.173,WAIT_DIE,0.00420234,0,0,0,1.3379,0,0.0106367,0.00605998,0,0,0.351588,0,0,false,0,0,0,0,0,0,38.0338,134.09,0.0845364,0,0.0233349,0.0966915,0,8,0.051271,1.39599,0,0,0,1203,29.2549,0,3597.4,3047,0,0,0,0,10,11966,0,2280,0,0.915883,0,0,0,1618.17,TWO_PC,0,2675.39,0,0,0,0,0,0,1.21163,0.5,0.0110901,0,2,0,0,1806,5289,6.21069,0,0,7,0.744473,0.212834,0
0,3437,0.0799376,2136.35,0.0118812,0,0.00517915,0,0,5738.9,1,0.0309261,0,40,0,3437,0,3223.63,0.00909109,0,1,0,0,0.05,0,1000,1211.13,0.0822092,236.907,WAIT_DIE,0.000510834,0,0,0,1.34555,0,0.00748608,0.00360769,0,0,0.399413,0,0,false,0,0,0,0,0,0,42.6476,224.189,0.16657,0,0.0427118,0.15657,0,0,0.0332174,1.44437,0,0,0,745,32.2102,0,7185.3,1957,0,0,0,1,1,7818,0,1480,0,1.35695,0,0,0,2140.12,TWO_PC,0,3668.09,0,0,0.948711,1,0,0,1.35776,0.5,0.00716402,0,1,0,0,1212,3437,1.89664,0,0,1,0.823927,0.207135,0
0,2128,0.151389,5439.78,0.0235606,0,0.0031941,0,0,11141.2,2,0.0699031,0,48,0,2128,0,1859.54,0.0222754,0,2,0,0,0.05,0,1000,2126.72,0.0416041,657.687,WAIT_DIE,0.000744745,0,0,0,1.1358,0,0.0210996,0.00256131,0,0,0.472755,0,0,false,0,0,0,0,0,0,54.9298,614.222,0.409808,0,0.104765,0.191389,0,0,0.0205818,2.6899,0,0,0,478,38.3206,0,14810.4,1241,0,0,0,0,2,4842,0,924,0,1.8209,0,0,0,3569.48,TWO_PC,0,6000.79,0,0,0,0,0,0,1.8995,0.5,0.00512152,0,2,0,0,726,2128,10.4798,0,0,2,0.948708,0.231888,0
0,844,0.24735,17859,0.0685277,0,0.00128574,0,0,31824.1,2,0.165106,0,56,0,844,0,682.15,0.00233986,0,2,0,0,0.05,0,1000,5316.38,0.0454929,882.418,WAIT_DIE,0.000514708,0,0,0,1.06184,0,0.00182036,0.00110325,0,0,0.505739,0,0,false,0,0,0,0,0,0,69.2868,1048.13,0.68002,0,0.191521,0.347037,0,2,0.00811967,4.28609,0,0,0,184,42.8689,0,44245.1,498,0,0,0,0,2,1943,0,372,0,2.60689,0,0,0,9086.82,TWO_PC,0,15609.5,0,0,0,0,0,0,2.9186,0.5,0.00183002,0,0,0,0,288,844,62.7678,0,0,2,0.968877,0.242754,0
0,814,0.00568678,330.562,0.00245459,0,0.00118754,0,0,1626.74,0,0.00418744,0,2,0,814,0,812.71,0.00274006,0,0,0,0,0.05,0,1000,0.793671,0.0162701,177.402,WAIT_DIE,0,0,0,0,2.40722,0,0.00244468,0.000784903,0,0,0.159492,0,0,false,0,0,0,0,0,0,2.00318,306.986,0.0231003,0,0.00455837,0.00681995,0,0,0.00791007,0.0617341,0,0,0,180,1.40032,0,1181.96,455,0,0,0,0,0,1702,0,368,0,0.282751,0,0,0,783.259,ONE_PC,0,1399.48,0,0,0,0,0,0,0.0581984,0.5,0.00286676,0,0,0,0,266,814,0,0,0,0,0.902113,0.121163,0
0,1486,0.0073384,205.371,0.00269156,0,0.00219009,0,0,1903.3,1,0.00449619,0,4,0,1486,0,1481.92,0.00416388,0,1,0,0,0.05,0,1000,0.730269,0.0292565,148.226,WAIT_DIE,0.00061657,0,0,0,2.18508,0,0.00360326,0.00117304,0,0,0.211439,0,0,false,0,0,0,0,0,0,4.011,159.922,0.0342526,0,0.00497662,0.0122564,0,1,0.0144758,0.107773,0,0,0,339,3.04716,0,1300.44,837,0,0,0,0,1,3101,0,650,0,0.279524,0,0,0,922.505,ONE_PC,0,1668.54,0,0,0,0,0,0,0.128799,0.5,0.00370755,0,0,0,0,497,1486,1.69938,0,0,1,0.917609,0.0911541,0
0,2981,0.006374,176.664,0.00268804,0,0.00451728,0,0,1888.8,1,0.00477029,0,8,0,2981,0,2969.91,0.00846765,0,1,0,0,0.05,0,1000,0.553875,0.0519857,40.6898,WAIT_DIE,0.000642769,0,0,0,1.75787,0,0.00753873,0.00221384,0,0,0.236852,0,0,false,0,0,0,0,0,0,8.02987,55.735,0.0440712,0,0.00502289,0.00917608,0,1,0.0290292,0.196323,0,0,0,688,6.3992,0,1397.03,1722,0,0,0,0,1,6430,0,1268,0,0.225632,0,0,0,920.878,ONE_PC,0,1655.17,0,0,0,0,0,0,0.272439,0.5,0.00674761,0,0,0,0,1025,2981,0.272835,0,0,1,0.915146,0.0851406,0
0,4920,0.00773452,266.968,0.00324962,0,0.00740462,0,0,2287.44,2,0.00527698,0,16,0,4920,0,4904.68,0.0174076,0,2,0,0,0.05,0,1000,0.839001,0.109619,41.6238,WAIT_DIE,0.000479599,0,0,0,1.52501,0,0.0157537,0.00494381,0,0,0.324998,0,0,false,0,0,0,0,0,0,16.05,140.878,0.0816655,0,0.00601159,0.0157932,0,0,0.0475687,0.422243,0,0,0,1131,12.6601,0,1679.57,2821,0,0,0,1,2,10397,0,2103,0,0.864299,0,0,0,1037.72,ONE_PC,0,1895.84,0,0,0.768311,1,0,0,0.477393,0.5,0.00884697,0,2,0,0,1686,4920,1.06904,0,0,2,0.847374,0.147406,0
0,7417,0.0211742,442.577,0.0043173,0,0.0109761,0,0,2916.81,3,0.00660805,0,32,0,7417,0,7132.75,0.0239511,0,3,0,0,0.05,0,1000,0.990171,0.152655,46.828,WAIT_DIE,0.00124431,0,0,0,1.46057,0,0.0165259,0.00851836,0,0,0.345585,0,0,false,0,0,0,0,0,0,33.2752,148.271,0.118689,0,0.00785399,0.0610988,0,1,0.0717925,1.09381,0,0,0,1691,25.6865,0,2409.17,4203,0,0,0,0,3,15567,0,3210,0,1.39002,0,0,0,1308.15,ONE_PC,0,2373.82,0,0,0,0,0,0,1.06873,0.5,0.0164552,0,2,0,0,2516,7417,3.06262,0,0,3,0.832968,0.156408,0
0,2716,0.0959841,3292.73,0.0133083,0,0.0041012,0,0,7033.64,1,0.0318908,0,36,0,2716,0,2646.26,0.00787069,0,1,0,0,0.05,0,1000,1.04984,0.0921422,192.115,WAIT_DIE,0.000385804,0,0,0,1.33876,0,0.0064597,0.0351856,0,0,0.40295,0,0,false,0,0,0,0,0,0,36.9488,205.668,0.180276,0,0.0545241,0.183733,0,0,0.0263447,1.21686,0,0,0,595,29.4579,0,9084.64,1556,0,0,0,2,1,5863,0,1166,0,0.79965,0,0,0,2759.19,ONE_PC,0,4626.5,0,0,0.724223,2,0,0,1.13402,0.5,0.00574896,0,1,0,0,955,2716,7.98967,0,0,1,0.677734,0.152274,0
0,2491,0.114,3588.34,0.0161293,0,0.00383502,0,0,8599.77,2,0.0392868,0,40,0,2491,0,2312.55,0.00672165,0,2,0,0,0.05,0,1000,0.982628,0.0657429,246.973,WAIT_DIE,0.000119265,0,0,0,1.29856,0,0.00526648,0.00273877,0,0,0.414375,0,0,false,0,0,0,0,0,0,43.0867,192.766,0.26919,0,0.0643719,0.166918,0,0,0.0241845,1.78777,0,0,0,538,32.1321,0,11323.6,1461,0,0,0,1,2,5497,0,1058,0,1.04806,0,0,0,2430,ONE_PC,0,4404.75,0,0,0.775134,1,0,0,1.4714,0.5,0.00480637,0,2,0,0,895,2491,8.89957,0,0,2,0.922069,0.135703,0
0,2014,0.137127,6192.37,0.024435,0,0.0029939,0,0,13168.5,0,0.0647851,0,48,0,2014,0,1783.07,0.00536143,0,0,0,0,0.05,0,1000,23.0709,0.0456621,370.288,WAIT_DIE,0,0,0,0,1.17433,0,0.00416708,0.00249352,0,0,0.44027,0,0,false,0,0,0,0,0,0,54.2166,852.251,0.491802,0,0.095761,0.200888,0,0,0.0193579,2.8636,0,0,0,455,37.1543,0,15823.3,1132,0,0,0,0,0,4306,0,882,0,2.87976,0,0,0,4525.22,ONE_PC,0,8017.11,0,0,0,0,0,0,1.90348,0.5,0.00416278,0,0,0,0,677,2014,0,0,0,0,1.02632,0.162273,0
0,1105,0.259601,15456.4,0.0527404,0,0.00163252,0,0,25177.5,25,0.127735,0,56,0,1105,0,906.211,0.00288441,0,25,0,0,0.05,0,1000,22.8788,0.0368766,281.029,WAIT_DIE,0.0105014,0,0,0,1.28535,0,0.00227584,0.00117855,0,0,0.625833,0,0,false,0,0,0,0,0,0,68.2843,531.684,0.488304,0,0.16574,0.340434,0,0,0.0105941,4.48101,0,0,0,235,44.8819,0,40057.4,627,0,0,0,0,25,2482,0,491,0,1.01457,0,0,0,6151.38,ONE_PC,0,10159.2,0,0,0,0,0,0,2.99705,0.5,0.00223672,0,25,0,0,379,1105,11.2442,0,0,25,0.738821,0.162081,0
0,669,0.00812955,213.566,0.0029912,0,0.000972268,0,0,1748.9,0,0.0055706,0,2,0,669,0,667.339,0.0014246,0,0,0,0,0.05,0,1000,472.692,0.0123153,67.903,WAIT_DIE,0,0,0,0,2.20223,0,0.00122198,0.000378303,0,0,0.148329,0,0,false,0,0,0,0,0,0,2.00498,179.148,0.0142084,0,0.00654193,0.0113309,0,0,0.00645836,0.0653624,0,0,0,152,1.51972,0,1232.23,370,0,0,0,0,0,1478,0,296,0,0.137574,0,0,0,898.997,TWO_PC,0,1515.73,0,0,0,0,0,0,0.0645205,0.5,0.00119661,0,0,0,0,221,669,0,0,0,0,0.915457,0.101221,0
0,1341,0.00820376,196.064,0.00298443,0,0.00196655,0,0,1727.58,0,0.00550669,0,4,0,1341,0,1335.54,0.00439194,0,0,0,0,0.05,0,1000,489.546,0.0283693,77.8538,WAIT_DIE,0,0,0,0,1.5202,0,0.00383479,0.00103602,0,0,0.206863,0,0,false,0,0,0,0,0,0,4.01636,153.261,0.0331756,0,0.00626102,0.0124559,0,0,0.0130359,0.110459,0,0,0,309,3.0787,0,1229.55,758,0,0,0,0,0,2991,0,586,0,0.243774,0,0,0,907.887,TWO_PC,0,1538.06,0,0,0,0,0,0,0.131321,0.5,0.00343105,0,0,0,0,446,1341,0,0,0,0,0.921601,0.15354,0
0,2270,0.00962131,236.857,0.00352882,0,0.00349762,0,0,1982.45,0,0.00657309,0,8,0,2270,0,2260.08,0.00693931,0,0,0,0,0.05,0,1000,579.544,0.043752,50.986,WAIT_DIE,0,0,0,0,1.94832,0,0.00617171,0.0020828,0,0,0.250541,0,0,false,0,0,0,0,0,0,8.0351,162.047,0.0399401,0,0.00728278,0.0122605,0,0,0.0221035,0.198166,0,0,0,529,6.21806,0,1581.38,1340,0,0,0,0,0,5221,0,938,0,0.442744,0,0,0,974.587,TWO_PC,0,1665.31,0,0,0,0,0,0,0.264135,0.5,0.00745803,0,0,0,0,803,2270,0,0,0,0,0.922552,0.171013,0
0,4242,0.00944657,208.851,0.00377149,0,0.006401,0,0,2205.01,4,0.00710418,0,16,0,4242,0,4216.53,0.0120958,0,4,0,0,0.05,0,1000,602.592,0.0655313,64.7809,WAIT_DIE,0.00277768,0,0,0,1.39808,0,0.010553,0.00346604,0,0,0.262096,0,0,false,0,0,0,0,0,0,16.0966,104.856,0.0609985,0,0.00786013,0.0120733,0,3,0.0409274,0.383221,0,0,0,979,12.8009,0,1662.12,2428,0,0,0,0,4,9572,0,1815,0,0.575235,0,0,0,1086.54,TWO_PC,0,1852.87,0,0,0,0,0,0,0.524288,0.5,0.0111204,0,1,0,0,1448,4242,1.62464,0,0,4,0.908467,0.201794,0
0,6415,0.0231576,414.499,0.00498731,0,0.00948789,0,0,2829.13,0,0.00875743,0,32,0,6415,0,6253.97,0.0185518,0,0,0,0,0.05,0,1000,748.726,0.139037,195.743,WAIT_DIE,0,0,0,0,1.44211,0,0.0154535,0.00782427,0,0,0.34651,0,0,false,0,0,0,0,0,0,32.824,208.528,0.121849,0,0.0103457,0.0398983,0,0,0.0620339,0.989124,0,0,0,1459,25.4756,0,2393.62,3638,0,0,0,0,0,14403,0,2780,0,1.69522,0,0,0,1325.67,TWO_PC,0,2232.59,0,0,0,0,0,0,1.01675,0.5,0.0466268,0,0,0,0,2176,6415,0,0,0,0,0.834373,0.234714,0
0,2906,0.0682132,2342.91,0.0124395,0,0.00443166,0,0,5676.07,0,0.0305103,0,36,0,2906,0,2749.43,0.00820403,0,0,0,0,0.05,0,1000,1025.68,0.062781,66.4329,WAIT_DIE,0,0,0,0,1.46466,0,0.00668922,0.0033193,0,0,0.382228,0,0,false,0,0,0,0,0,0,38.05,178.178,0.181691,0,0.0366627,0.16855,0,0,0.0281773,1.42404,0,0,0,652,29.6728,0,8244.53,1662,0,0,0,0,0,6634,0,1214,0,0.636036,0,0,0,1879.6,TWO_PC,0,3269.79,0,0,0,0,0,0,1.26227,0.5,0.00618615,0,0,0,0,1040,2906,0,0,0,0,0.963667,0.245369,0
0,2256,0.10918,4171.72,0.0179891,0,0.00339353,0,0,8206.3,0,0.0488688,0,40,0,2256,0,2070.36,0.00594423,0,0,0,0,0.05,0,1000,2088.97,0.0445179,280.906,WAIT_DIE,0,0,0,0,1.22168,0,0.0047152,0.00232968,0,0,0.455581,0,0,false,0,0,0,0,0,0,43.5867,273.714,0.253851,0,0.066809,0.177833,0,0,0.0217691,1.89988,0,0,0,496,32.0843,0,10950.8,1289,0,0,0,0,0,5130,0,967,0,1.14764,0,0,0,3062.21,TWO_PC,0,4885.97,0,0,0,0,0,0,1.44748,0.5,0.00431752,0,0,0,0,793,2256,0,0,0,0,0.739878,0.21176,0
0,1393,0.179549,8466.83,0.0362424,0,0.00212905,0,0,16159.3,2,0.0957908,0,48,0,1393,0,1201.58,0.00359981,0,2,0,0,0.05,0,1000,2559.43,0.0264454,254.338,WAIT_DIE,0.000609674,0,0,0,1.21742,0,0.00282523,0.00163162,0,0,0.453888,0,0,false,0,0,0,0,0,0,55.6469,554.086,0.413041,0,0.127677,0.22099,0,2,0.013426,2.8358,0,0,0,294,38.3938,0,24542.7,797,0,0,0,0,2,3192,0,596,0,1.5069,0,0,0,4246,TWO_PC,0,7233.19,0,0,0,0,0,0,2.19097,0.5,0.0150082,0,0,0,0,503,1393,21.3105,0,0,2,1.00945,0.2387,0
0,1318,0.227074,11557.4,0.0429919,0,0.00188729,0,0,18822.6,1,0.125272,0,56,0,1318,0,1146.66,0.00320403,0,1,0,0,0.05,0,1000,3026.16,0.0495888,216.213,WAIT_DIE,6.2165e-05,0,0,0,1.50473,0,0.00262522,0.00143655,0,0,0.642069,0,0,false,0,0,0,0,0,0,64.3679,763.066,0.115704,0,0.160693,0.283298,0,6,0.0125465,3.24121,0,0,0,288,43.255,0,29548.1,701,0,0,0,0,7,2872,0,592,0,2.61312,0,0,0,5054.54,TWO_PC,0,8041.67,0,0,0,0,0,0,2.2555,0.5,0.00246759,0,1,0,0,438,1318,26.528,0,0,1,0.575213,0.211498,0
0,812,0.00652281,270.012,0.00246032,0,0.00118117,0,0,1679.65,0,0.00403568,0,2,0,812,0,810.595,0.00183078,0,0,0,0,0.05,0,1000,0.602198,0.0172715,108.503,WAIT_DIE,0,0,0,0,1.08581,0,0.00153894,0.000662472,0,0,0.15601,0,0,false,0,0,0,0,0,0,2.00347,243.868,0.0253106,0,0.00461198,0.00900982,0,0,0.00788123,0.0628007,0,0,0,181,1.44973,0,1199.1,451,0,0,0,0,0,1701,0,367,0,0.223204,0,0,0,800.657,ONE_PC,0,1432.04,0,0,0,0,0,0,0.0610289,0.5,0.00202323,0,0,0,0,264,812,0,0,0,0,0.903902,0.071452,0
0,1555,0.00678319,206.331,0.00257237,0,0.00229743,0,0,1793.31,0,0.00429027,0,4,0,1555,0,1549.63,0.00445743,0,0,0,0,0.05,0,1000,0.563798,0.0292408,73.1499,WAIT_DIE,0,0,0,0,2.48636,0,0.00388407,0.000923975,0,0,0.205711,0,0,false,0,0,0,0,0,0,4.01387,136.284,0.0337747,0,0.00486102,0.00954581,0,0,0.0151478,0.109817,0,0,0,353,3.0732,0,1294.5,869,0,0,0,0,0,3304,0,683,0,0.249894,0,0,0,846.834,ONE_PC,0,1520.3,0,0,0,0,0,0,0.130425,0.5,0.00289934,0,0,0,0,519,1555,0,0,0,0,0.920305,0.084865,0
0,2837,0.00697723,265.302,0.00281872,0,0.00428343,0,0,1930.85,2,0.00473516,0,8,0,2837,0,2828.63,0.00958468,0,2,0,0,0.05,0,1000,0.742654,0.0531036,65.3694,WAIT_DIE,0.00145478,0,0,0,2.5672,0,0.00866522,0.00243309,0,0,0.245308,0,0,false,0,0,0,0,0,0,8.02366,186.574,0.056596,0,0.00518279,0.0100857,0,2,0.0275985,0.192183,0,0,0,656,6.06278,0,1424.18,1641,0,0,0,0,2,6099,0,1206,0,0.625532,0,0,0,907.944,ONE_PC,0,1654.01,0,0,0,0,0,0,0.257512,0.5,0.0069266,0,0,0,0,975,2837,0.628947,0,0,2,0.910989,0.127419,0
0,4950,0.00745025,238.346,0.00323235,0,0.00743179,0,0,2308.95,0,0.00512941,0,16,0,4950,0,4924.93,0.0138767,0,0,0,0,0.05,0,1000,0.744643,0.0887165,98.3374,WAIT_DIE,0,0,0,0,1.19825,0,0.0120286,0.00431848,0,0,0.263114,0,0,false,0,0,0,0,0,0,16.0814,113.847,0.0755638,0,0.00593333,0.0111403,0,0,0.0478852,0.397606,0,0,0,1137,12.6808,0,1661.17,2847,0,0,0,0,0,10422,0,2126,0,0.714855,0,0,0,1047.59,ONE_PC,0,1918.62,0,0,0,0,0,0,0.517599,0.5,0.0125735,0,0,0,0,1687,4950,0,0,0,0,0.881184,0.114593,0
0,4247,0.0322794,762.802,0.00764223,0,0.00641182,0,0,5093.58,4,0.0202336,0,32,0,4247,0,3993.19,0.0121416,0,4,0,0,0.05,0,1000,1.92776,0.085057,48.9369,WAIT_DIE,0.00159377,0,0,0,1.38353,0,0.00962501,0.00518606,0,0,0.370671,0,0,false,0,0,0,0,0,0,34.0339,135.521,0.424401,0,0.021836,0.0957655,0,0,0.0412594,1.17527,0,0,0,954,26.2634,0,4395.83,2450,0,0,0,0,4,9139,0,1816,0,0.7885,0,0,0,2309.82,ONE_PC,0,4283.45,0,0,0,0,0,0,1.17136,0.5,0.0092157,0,4,0,0,1477,4247,1.36382,0,0,4,0.941695,0.155719,0
0,3182,0.0875758,2995.86,0.0114778,0,0.00481472,0,0,5552.1,0,0.0293788,0,36,0,3182,0,2912.26,0.00833042,0,0,0,0,0.05,0,1000,0.912519,0.0907699,96.4307,WAIT_DIE,0,0,0,0,1.35063,0,0.00678854,0.00338121,0,0,0.499074,0,0,false,0,0,0,0,0,0,39.3344,118.976,0.232089,0,0.0320119,0.127682,0,0,0.0308681,1.65052,0,0,0,722,29.5486,0,7888.19,1798,0,0,0,0,0,6793,0,1347,0,0.542794,0,0,0,2673.08,ONE_PC,0,4082.83,0,0,0,0,0,0,1.40145,0.5,0.00602064,0,0,0,0,1113,3182,0,0,0,0,0.529772,0.145794,0
0,2431,0.106284,3926.52,0.0166786,0,0.00372729,0,0,8906.08,0,0.0449323,0,40,0,2431,0,2234.24,0.00631212,0,0,0,0,0.05,0,1000,13.6717,0.0478115,414.786,WAIT_DIE,0,0,0,0,1.19749,0,0.00515328,0.00255773,0,0,0.399342,0,0,false,0,0,0,0,0,0,43.5227,421.426,0.299657,0,0.0674701,0.174514,0,0,0.0235071,1.7978,0,0,0,541,32.0589,0,11648.6,1405,0,0,0,0,0,5303,0,1014,0,1.76997,0,0,0,2290.17,ONE_PC,0,4122.2,0,0,0,0,0,0,1.50498,0.5,0.0203279,0,0,0,0,876,2431,0,0,0,0,0.980637,0.139461,0
0,1007,0.200643,13628.9,0.0489086,0,0.00153879,0,0,24103.3,2,0.111738,0,48,0,1007,0,871.914,0.00252803,0,2,0,0,0.05,0,1000,5.12354,0.0194297,241.87,WAIT_DIE,0.000629974,0,0,0,1.28357,0,0.001999,0.00108554,0,0,0.606335,0,0,false,0,0,0,0,0,0,55.4367,613.486,0.374814,0,0.14354,0.252305,0,2,0.00975876,2.97286,0,0,0,200,37.8779,0,36062.8,566,0,0,0,0,2,2264,0,446,0,1.77479,0,0,0,6826.35,ONE_PC,0,11472.7,0,0,0,0,0,0,2.14316,0.5,0.00179913,0,0,0,0,361,1007,127.026,0,0,2,0.606102,0.137262,0
0,1030,0.238481,16519.9,0.0551327,0,0.00155454,0,0,26409.2,0,0.132055,0,56,0,1030,0,885.45,0.00278598,0,0,0,0,0.05,0,1000,4.89761,0.0387916,684.162,WAIT_DIE,0,0,0,0,1.10643,0,0.0022224,0.00101858,0,0,0.555691,0,0,false,0,0,0,0,0,0,65.142,710.124,0.264881,0,0.17159,0.312447,0,0,0.00988374,3.69005,0,0,0,219,43.9346,0,40162.5,591,0,0,0,0,0,2310,0,452,0,2.02228,0,0,0,8526.91,ONE_PC,0,14176.3,0,0,0,0,0,0,2.51015,0.5,0.00182857,0,0,0,0,359,1030,0,0,0,0,0.573459,0.134195,0
0,665,0.00792673,268.256,0.0030135,0,0.000972396,0,0,1701.75,0,0.00565451,0,2,0,665,0,662.765,0.00201783,0,0,0,0,0.05,0,1000,486.83,0.0123678,117.886,WAIT_DIE,0,0,0,0,1.62998,0,0.00168474,0.000420256,0,0,0.159047,0,0,false,0,0,0,0,0,0,2.00675,229.586,0.0272545,0,0.0064994,0.0124437,0,0,0.00643374,0.0659218,0,0,0,151,1.48971,0,1247.54,373,0,0,0,0,0,1478,0,295,0,0.173971,0,0,0,887.645,TWO_PC,0,1488.79,0,0,0,0,0,0,0.0626959,0.5,0.00148142,0,0,0,0,219,665,0,0,0,0,0.908867,0.145053,0
0,1244,0.0089849,258.32,0.00321362,0,0.00185004,0,0,1810.32,0,0.00590341,0,4,0,1244,0,1236.49,0.00343707,0,0,0,0,0.05,0,1000,508.719,0.0254238,151.09,WAIT_DIE,0,0,0,0,1.52725,0,0.00299521,0.00103377,0,0,0.214491,0,0,false,0,0,0,0,0,0,4.02428,226.776,0.027596,0,0.00661519,0.0152505,0,0,0.0121519,0.110563,0,0,0,286,3.01362,0,1361.02,709,0,0,0,0,0,2796,0,537,0,0.324591,0,0,0,924.39,TWO_PC,0,1571.71,0,0,0,0,0,0,0.128583,0.5,0.00312105,0,0,0,0,421,1244,0,0,0,0,0.924731,0.147441,0
0,2333,0.00902441,204.24,0.00343021,0,0.00358836,0,0,1960.26,0,0.0064176,0,8,0,2333,0,2323.34,0.00792545,0,0,0,0,0.05,0,1000,588.467,0.0442373,121.226,WAIT_DIE,0,0,0,0,1.30399,0,0.00715459,0.0017668,0,0,0.246601,0,0,false,0,0,0,0,0,0,8.03327,136.035,0.0362716,0,0.00720514,0.010919,0,0,0.0227127,0.1967,0,0,0,538,6.26466,0,1462.2,1373,0,0,0,0,0,5362,0,968,0,0.385791,0,0,0,989.538,TWO_PC,0,1688.81,0,0,0,0,0,0,0.267342,0.5,0.00523889,0,0,0,0,827,2333,0,0,0,0,0.92259,0.171054,0
0,4074,0.0105349,273.69,0.0039286,0,0.00614098,0,0,2246.09,0,0.00745627,0,16,0,4074,0,4054.82,0.0118427,0,0,0,0,0.05,0,1000,634.206,0.0756789,42.0773,WAIT_DIE,0,0,0,0,1.579,0,0.0105399,0.00361767,0,0,0.281859,0,0,false,0,0,0,0,0,0,16.0757,137.433,0.066892,0,0.00825728,0.0256918,0,0,0.0392836,0.382381,0,0,0,933,12.6999,0,1787.81,2309,0,0,0,1,0,9174,0,1743,0,0.693439,0,0,0,1076.93,TWO_PC,0,1794.66,0,0,1.63329,1,0,0,0.517598,0.5,0.010024,0,0,0,0,1398,4074,0,0,0,0,0.894115,0.212715,0
0,4088,0.0393334,1203.21,0.00785588,0,0.00616716,0,0,3850.46,17,0.0222505,0,32,0,4088,0,3956.28,0.0167749,0,17,0,0,0.05,0,1000,1035.98,0.151529,187.124,WAIT_DIE,0.00574574,0,0,0,1.33847,0,0.0143352,0.00467565,0,0,0.457574,0,0,false,0,0,0,0,0,0,33.0654,203.51,0.0692361,0,0.0239446,0.190157,0,11,0.0396482,1.03286,0,0,0,923,26.0015,0,4242.25,2343,0,0,0,1,17,9288,0,1735,0,1.04577,0,0,0,1703.63,TWO_PC,0,2839.54,0,0,5.04726,1,0,0,1.047,0.5,0.00887394,0,6,0,0,1430,4088,40.1208,0,0,17,0.610744,0.25282,0
0,2273,0.105385,3895.52,0.016043,0,0.00350385,0,0,7031.68,37,0.0325177,0,36,0,2273,0,2204.8,0.0224902,0,37,0,0,0.05,0,1000,2355.23,0.0932519,88.2967,WAIT_DIE,0.0167748,0,0,0,1.06461,0,0.021158,0.0025474,0,0,0.522434,0,0,false,0,0,0,0,0,0,37.1136,118.136,0.258239,0,0.0554656,0.143454,0,0,0.0219911,1.2739,0,0,0,511,29.7593,0,8907.42,1322,0,0,0,1,37,5211,0,954,0,0.439932,0,0,0,3618.57,TWO_PC,0,5952.19,0,0,0.816547,1,0,0,1.12664,0.5,0.00610847,0,37,0,0,808,2273,8.87929,0,0,37,0.451394,0.222141,0
0,1983,0.132633,4758.31,0.0205252,0,0.00302177,0,0,8975.02,74,0.0544257,0,40,0,1983,0,1766.95,0.00527599,0,74,0,0,0.05,0,1000,1500.86,0.0738329,529.842,WAIT_DIE,0.0274586,0,0,0,1.34856,0,0.00416521,0.00216764,0,0,0.403991,0,0,false,0,0,0,0,0,0,44.8909,455.255,0.250096,0,0.0733688,0.170343,0,74,0.0191965,1.77188,0,0,0,432,32.1487,0,14004.5,1131,0,0,0,0,74,4513,0,846,0,1.53177,0,0,0,2569.83,TWO_PC,0,4393.44,0,0,0,0,0,0,1.7463,0.5,0.00410165,0,0,0,0,705,1983,16.609,0,0,74,0.959497,0.221241,0
0,1049,0.204547,13256.1,0.0472622,0,0.00158924,0,0,20159.9,0,0.123109,0,48,0,1049,0,879.917,0.00268409,0,0,0,0,0.05,0,1000,3036.19,0.0403368,193.403,WAIT_DIE,0,0,0,0,1.43974,0,0.00212359,0.00120115,0,0,0.557614,0,0,false,0,0,0,0,0,0,57.2236,440.483,0.262855,0,0.155029,0.269366,0,0,0.0101476,3.35807,0,0,0,217,39.2912,0,34358.9,612,0,0,0,0,0,2407,0,467,0,0.656486,0,0,0,4729.6,TWO_PC,0,7824.56,0,0,0,0,0,0,2.28184,0.5,0.00207003,0,0,0,0,365,1049,0,0,0,0,0.790367,0.240834,0
0,906,0.233151,15940.3,0.0629088,0,0.00133611,0,0,29042.2,37,0.159603,0,56,0,906,0,773.984,0.00227461,0,37,0,0,0.05,0,1000,3093.37,0.018829,312.276,WAIT_DIE,0.0292385,0,0,0,1.19639,0,0.00178367,0.0010653,0,0,0.438689,0,0,false,0,0,0,0,0,0,65.5517,872.347,0.564547,0,0.181971,0.279236,0,0,0.00867189,3.98895,0,0,0,187,43.8161,0,45726.9,504,0,0,0,0,37,2040,0,400,0,1.99519,0,0,0,5601.28,TWO_PC,0,9523.14,0,0,0,0,0,0,2.2101,0.5,0.001886,0,37,0,0,319,906,35.2261,0,0,37,1.12246,0.21321,0
0,811,0.00555537,255.893,0.00246562,0,0.00116533,0,0,1695.89,0,0.00417153,0,2,0,811,0,809.251,0.00238224,0,0,0,0,0.05,0,1000,0.569491,0.0153397,95.7697,WAIT_DIE,0,0,0,0,1.81127,0,0.00205433,0.000499589,0,0,0.156169,0,0,false,0,0,0,0,0,0,2.00432,195.696,0.017686,0,0.00461587,0.00696139,0,0,0.00784007,0.0643494,0,0,0,181,1.4816,0,1202.18,440,0,0,0,0,0,1667,0,366,0,0.181492,0,0,0,824.494,ONE_PC,0,1462.96,0,0,0,0,0,0,0.0623216,0.5,0.00161582,0,0,0,0,264,811,0,0,0,0,0.907396,0.0868829,0
0,1504,0.00710883,182.049,0.00266088,0,0.00220285,0,0,1897.98,0,0.00438772,0,4,0,1504,0,1496.82,0.00412429,0,0,0,0,0.05,0,1000,0.544211,0.0282624,66.2795,WAIT_DIE,0,0,0,0,2.02119,0,0.00363086,0.000898564,0,0,0.20305,0,0,false,0,0,0,0,0,0,4.01918,129.203,0.028404,0,0.00494652,0.0108778,0,0,0.0146534,0.108521,0,0,0,342,3.09173,0,1288.81,843,0,0,0,0,0,3152,0,662,0,0.230473,0,0,0,917.467,ONE_PC,0,1658.93,0,0,0,0,0,0,0.13259,0.5,0.0029546,0,0,0,0,500,1504,0,0,0,0,0.92405,0.0960386,0
0,2809,0.00680358,195.376,0.00285172,0,0.00424043,0,0,2007.89,0,0.00491853,0,8,0,2809,0,2793.81,0.00813313,0,0,0,0,0.05,0,1000,0.540351,0.0480349,54.078,WAIT_DIE,0,0,0,0,1.78168,0,0.00729369,0.00171131,0,0,0.235764,0,0,false,0,0,0,0,0,0,8.04351,68.5289,0.0505652,0,0.00520374,0.00909521,0,0,0.0273128,0.198806,0,0,0,648,6.38026,0,1480.23,1619,0,0,0,0,0,5995,0,1195,0,0.250704,0,0,0,953.875,ONE_PC,0,1725.34,0,0,0,0,0,0,0.272945,0.5,0.00516227,0,0,0,0,966,2809,0,0,0,0,0.921418,0.0869356,0
0,5106,0.00684907,227.517,0.00313478,0,0.00760728,0,0,2253.34,0,0.00501198,0,16,0,5106,0,5087.54,0.0140912,0,0,0,0,0.05,0,1000,0.730783,0.0874849,33.7748,WAIT_DIE,0,0,0,0,1.66893,0,0.0123055,0.00412869,0,0,0.259004,0,0,false,0,0,0,0,0,0,16.0581,105.81,0.0781437,0,0.00559816,0.00940599,0,0,0.0492646,0.390119,0,0,0,1177,12.681,0,1587.42,2890,0,0,0,1,0,10572,0,2200,0,0.688471,0,0,0,1030.97,ONE_PC,0,1886.23,0,0,0.655977,1,0,0,0.521886,0.5,0.0118998,0,0,0,0,1729,5106,0,0,0,0,0.882315,0.128149,0
0,4262,0.0489647,1413.79,0.00748953,0,0.00651282,0,0,4274.49,0,0.0214645,0,32,0,4262,0,4194.16,0.0119233,0,0,0,0,0.05,0,1000,0.979311,0.094131,42.4171,WAIT_DIE,0,0,0,0,1.50099,0,0.0093955,0.0048702,0,0,0.346683,0,0,false,0,0,0,0,0,0,32.5176,152.305,0.0795682,0,0.0258571,0.153285,0,0,0.0415438,0.935806,0,0,0,965,26.1323,0,5186.55,2502,0,0,0,1,0,9249,0,1810,0,0.836946,0,0,0,1225.46,ONE_PC,0,2221.41,0,0,0.879223,1,0,0,0.919756,0.5,0.00892072,0,0,0,0,1487,4262,0,0,0,0,0.87101,0.145698,0
0,2492,0.12766,3198.22,0.0145568,0,0.00392145,0,0,7676.28,0,0.0327951,0,36,0,2492,0,2270.84,0.00709537,0,0,0,0,0.05,0,1000,1.0498,0.0552747,60.5441,WAIT_DIE,0,0,0,0,1.40888,0,0.00561384,0.00287213,0,0,0.415101,0,0,false,0,0,0,0,0,0,39.5062,167.143,0.175509,0,0.0591823,0.192938,0,0,0.0243224,1.64718,0,0,0,557,29.8394,0,10870.8,1500,0,0,0,2,0,5578,0,1043,0,0.552145,0,0,0,1651.98,ONE_PC,0,3058.48,0,0,7.42343,2,0,0,1.41572,0.5,0.00514377,0,0,0,0,892,2492,0,0,0,0,0.980535,0.151644,0
0,2087,0.158609,4733.19,0.0204825,0,0.00322558,0,0,10183.2,4,0.0635981,0,40,0,2087,0,1805.75,0.00607551,0,4,0,0,0.05,0,1000,8.68367,0.0451621,315.633,WAIT_DIE,0.00196105,0,0,0,1.32194,0,0.00486129,0.00247006,0,0,0.485937,0,0,false,0,0,0,0,0,0,46.23,305.087,0.239233,0,0.0916991,0.177616,0,6,0.0202862,2.18208,0,0,0,460,32.3258,0,15341.2,1249,0,0,0,1,10,4726,0,886,0,1.13992,0,0,0,2015.17,ONE_PC,0,3560.04,0,0,0.626065,1,0,0,1.88576,0.5,0.00520641,0,4,0,0,741,2087,1.14853,0,0,4,0.964808,0.157392,0
0,1152,0.191934,12558.6,0.0424299,0,0.00173969,0,0,19677.2,0,0.117302,0,48,0,1152,0,1010.52,0.00314459,0,0,0,0,0.05,0,1000,13.1211,0.0215033,156.549,WAIT_DIE,0,0,0,0,1.4097,0,0.00255592,0.00131905,0,0,0.435749,0,0,false,0,0,0,0,0,0,54.7204,312.734,0.27507,0,0.145683,0.31308,0,0,0.0110876,2.96178,0,0,0,249,38.5819,0,33400.2,657,0,0,0,0,0,2554,0,502,0,0.674339,0,0,0,2370.37,ONE_PC,0,4029.21,0,0,0,0,0,0,1.86486,0.5,0.00247187,0,0,0,0,401,1152,0,0,0,0,1.09838,0.139503,0
0,910,0.243481,18162.2,0.0627793,0,0.00136603,0,0,30787.9,0,0.140938,0,56,0,910,0,791.129,0.00324221,0,0,0,0,0.05,0,1000,1.07,0.0182122,1506.13,WAIT_DIE,0,0,0,0,1.35127,0,0.00274114,0.00105872,0,0,0.529756,0,0,false,0,0,0,0,0,0,64.4142,1411.32,0.467255,0,0.161394,0.343366,0,0,0.00871934,3.22762,0,0,0,196,43.7273,0,46531.9,505,0,0,0,0,0,2013,0,398,0,2.30365,0,0,0,7908.64,ONE_PC,0,13217,0,0,0,0,0,0,2.18244,0.5,0.00185242,0,0,0,0,316,910,0,0,0,0,0.772024,0.150813,0
0,666,0.00850637,150.373,0.00300557,0,0.000968668,0,0,1809.5,0,0.00567315,0,2,0,666,0,663.591,0.00177596,0,0,0,0,0.05,0,1000,446.938,0.0124965,49.9469,WAIT_DIE,0,0,0,0,2.19106,0,0.00158515,0.000431291,0,0,0.146059,0,0,false,0,0,0,0,0,0,2.00726,88.264,0.0127611,0,0.00662925,0.0104463,0,0,0.00643213,0.0688037,0,0,0,152,1.57164,0,1276.46,370,0,0,0,0,0,1473,0,296,0,0.0733164,0,0,0,917.259,TWO_PC,0,1584.19,0,0,0,0,0,0,0.0667411,0.5,0.00181143,0,0,0,0,218,666,0,0,0,0,0.917805,0.109297,0
0,1327,0.00818533,203.829,0.00301831,0,0.0019677,0,0,1717.14,0,0.00554787,0,4,0,1327,0,1321.62,0.00427277,0,0,0,0,0.05,0,1000,511.066,0.0256213,78.7247,WAIT_DIE,0,0,0,0,1.66045,0,0.0037168,0.00106513,0,0,0.211384,0,0,false,0,0,0,0,0,0,4.01628,160.1,0.0361248,0,0.00628727,0.0127155,0,0,0.0129274,0.110843,0,0,0,307,3.07675,0,1253.24,755,0,0,0,0,0,2976,0,573,0,0.248163,0,0,0,909.111,TWO_PC,0,1530.2,0,0,0,0,0,0,0.130526,0.5,0.00301488,0,0,0,0,447,1327,0,0,0,0,0.923265,0.121884,0
0,2344,0.00919187,231.469,0.00341914,0,0.00359041,0,0,1926.7,0,0.00644046,0,8,0,2344,0,2326.24,0.006884,0,0,0,0,0.05,0,1000,590.864,0.0424359,49.449,WAIT_DIE,0,0,0,0,1.80048,0,0.00602727,0.00186816,0,0,0.248923,0,0,false,0,0,0,0,0,0,8.06107,165.152,0.0456743,0,0.00735639,0.0119378,0,0,0.0227941,0.197001,0,0,0,538,6.19515,0,1481.61,1362,0,0,0,0,0,5360,0,975,0,0.460012,0,0,0,978.25,TWO_PC,0,1649.25,0,0,0,0,0,0,0.271531,0.5,0.00679233,0,0,0,0,831,2344,0,0,0,0,0.927175,0.151898,0
0,4250,0.00981497,231.204,0.00376735,0,0.00642997,0,0,2225.03,2,0.00698311,0,16,0,4250,0,4231.53,0.0125939,0,2,0,0,0.05,0,1000,594.379,0.0938308,39.4518,WAIT_DIE,0.00140806,0,0,0,1.42758,0,0.0108837,0.00496115,0,0,0.33332,0,0,false,0,0,0,0,0,0,16.0698,128.927,0.0729953,0,0.00790772,0.0137193,0,2,0.0410714,0.36676,0,0,0,979,12.6641,0,1670.7,2460,0,0,0,1,2,9633,0,1815,0,0.67799,0,0,0,1066.84,TWO_PC,0,1827.38,0,0,1.57157,1,0,0,0.532836,0.5,0.0106417,0,0,0,0,1456,4250,0.421923,0,0,2,0.865045,0.186845,0
0,4904,0.0375474,1005.28,0.00654182,0,0.00733848,0,0,3309.07,1,0.0162411,0,32,0,4904,0,4758.43,0.0133974,0,1,0,0,0.05,0,1000,952.346,0.117108,40.0181,WAIT_DIE,0.000276351,0,0,0,1.5668,0,0.010571,0.00562488,0,0,0.393619,0,0,false,0,0,0,0,0,0,32.979,136.008,0.100113,0,0.0230472,0.0975058,0,0,0.0475824,0.982991,0,0,0,1093,26.1744,0,3348.17,2793,0,0,0,0,1,11091,0,2112,0,0.874927,0,0,0,1596.9,TWO_PC,0,2664.06,0,0,0,0,0,0,1.03602,0.5,0.010306,0,1,0,0,1699,4904,0.419762,0,0,1,0.736939,0.237029,0
0,3171,0.0716825,1665.83,0.0114185,0,0.00478567,0,0,5916.25,0,0.0275752,0,36,0,3171,0,3013.14,0.00906086,0,0,0,0,0.05,0,1000,1534.87,0.0705957,58.3391,WAIT_DIE,0,0,0,0,1.11335,0,0.00734957,0.00398072,0,0,0.389509,0,0,false,0,0,0,0,0,0,37.8861,170.65,0.414995,0,0.035553,0.144588,0,0,0.0308061,1.24055,0,0,0,697,29.8097,0,5976.73,1845,0,0,0,1,0,7257,0,1366,0,0.773109,0,0,0,2694.94,TWO_PC,0,4637.51,0,0,3.36989,1,0,0,1.14236,0.5,0.00700065,0,0,0,0,1108,3171,0,0,0,0,0.904659,0.260473,0
0,2138,0.114947,4368.59,0.0189899,0,0.00322416,0,0,8612.81,0,0.0556483,0,40,0,2138,0,2042.62,0.00591585,0,0,0,0,0.05,0,1000,1670.86,0.0415667,101.726,WAIT_DIE,0,0,0,0,1.18587,0,0.00486273,0.00226612,0,0,0.445974,0,0,false,0,0,0,0,0,0,41.8678,409.315,0.366159,0,0.0660732,0.159596,0,0,0.0206277,1.3766,0,0,0,467,32.3454,0,12477,1204,0,0,0,1,0,4842,0,918,0,1.33825,0,0,0,2931.83,TWO_PC,0,4991.06,0,0,13.695,1,0,0,1.28264,0.5,0.0365667,0,0,0,0,753,2138,0,0,0,0,0.854767,0.220427,0
0,1053,0.162413,11582.8,0.0473278,0,0.00159801,0,0,21554.8,6,0.107828,0,48,0,1053,0,921.132,0.00263817,0,6,0,0,0.05,0,1000,3474.26,0.029187,256.645,WAIT_DIE,0.00247938,0,0,0,1.25555,0,0.00207616,0.00104683,0,0,0.540768,0,0,false,0,0,0,0,0,0,54.8716,240.63,0.365582,0,0.135665,0.297823,0,2,0.0101319,3.03284,0,0,0,226,38.8938,0,32686.4,591,0,0,0,1,6,2388,0,452,0,0.393798,0,0,0,6467.51,TWO_PC,0,11212.2,0,0,1.27164,1,0,0,1.9844,0.5,0.00191823,0,4,0,0,375,1053,67.1205,0,0,6,0.680579,0.204314,0
0,1377,0.207607,11041.2,0.0409571,0,0.00204245,0,0,17431.3,0,0.12388,0,56,0,1377,0,1181.76,0.0192145,0,0,0,0,0.05,0,1000,1650.64,0.0471656,566.106,WAIT_DIE,0,0,0,0,1.42218,0,0.0185152,0.00134809,0,0,0.457846,0,0,false,0,0,0,0,0,0,65.2517,631.435,0.241498,0,0.152679,0.369265,0,0,0.013195,3.88872,0,0,0,303,42.5242,0,30222.7,778,0,0,0,0,0,3104,0,598,0,2.48549,0,0,0,2991.89,TWO_PC,0,5107.62,0,0,0,0,0,0,2.21187,0.5,0.00255596,0,0,0,0,476,1377,0,0,0,0,1.03901,0.183505,0
0,846,0.00499557,206.005,0.00236305,0,0.00122276,0,0,1675.62,0,0.003875,0,2,0,846,0,843.278,0.00265614,0,0,0,0,0.05,0,1000,0.547285,0.0171079,55.1467,WAIT_DIE,0,0,0,0,2.54817,0,0.00235151,0.000652197,0,0,0.1511,0,0,false,0,0,0,0,0,0,2.00645,171.174,0.0215909,0,0.00424263,0.00678982,0,0,0.00819348,0.0649852,0,0,0,188,1.49573,0,1101.3,464,0,0,0,0,0,1711,0,381,0,0.166509,0,0,0,833.227,ONE_PC,0,1509.17,0,0,0,0,0,0,0.0637982,0.5,0.00204649,0,0,0,0,277,846,0,0,0,0,0.909137,0.0732518,0
0,1432,0.00774607,319.659,0.00279171,0,0.00210845,0,0,1901.72,0,0.00452699,0,4,0,1432,0,1428.63,0.00391678,0,0,0,0,0.05,0,1000,0.742659,0.0312328,207.693,WAIT_DIE,0,0,0,0,2.82227,0,0.00333649,0.00147835,0,0,0.223683,0,0,false,0,0,0,0,0,0,4.00945,278.649,0.0318261,0,0.00500123,0.013614,0,0,0.0139686,0.10411,0,0,0,324,2.90636,0,1368.51,817,0,0,0,0,0,3004,0,629,0,0.453454,0,0,0,880.992,ONE_PC,0,1613.51,0,0,0,0,0,0,0.123088,0.5,0.0039957,0,0,0,0,479,1432,0,0,0,0,0.911091,0.10666,0
0,2849,0.00729186,236.266,0.00280905,0,0.00430016,0,0,1935.11,0,0.00478299,0,8,0,2849,0,2839.23,0.00932331,0,0,0,0,0.05,0,1000,0.767117,0.0535658,47.792,WAIT_DIE,0,0,0,0,1.83363,0,0.00822626,0.0029864,0,0,0.252582,0,0,false,0,0,0,0,0,0,8.02752,159.054,0.0592167,0,0.00532888,0.00987352,0,0,0.0276885,0.191826,0,0,0,657,6.12935,0,1453.51,1633,0,0,0,0,0,6074,0,1211,0,0.543456,0,0,0,906.937,ONE_PC,0,1631.87,0,0,0,0,0,0,0.262446,0.5,0.00900978,0,0,0,0,981,2849,0,0,0,0,0.909649,0.12222,0
0,4934,0.00729403,242.459,0.00324784,0,0.00740954,0,0,2314.7,1,0.00516976,0,16,0,4934,0,4897.1,0.0167716,0,1,0,0,0.05,0,1000,0.832707,0.0817426,40.2698,WAIT_DIE,0.00027075,0,0,0,1.61656,0,0.0148911,0.00423891,0,0,0.272049,0,0,false,0,0,0,0,0,0,16.1206,131.835,0.0734582,0,0.00590387,0.0125415,0,0,0.0476653,0.398858,0,0,0,1136,12.5811,0,1628.49,2810,0,0,0,0,1,10323,0,2107,0,0.804902,0,0,0,1078.35,ONE_PC,0,1978.19,0,0,0,0,0,0,0.527234,0.5,0.0127629,0,1,0,0,1691,4934,0.425299,0,0,1,0.888548,0.120573,0
0,6366,0.0255166,660.853,0.00501992,0,0.00942905,0,0,3283.91,2,0.0071559,0,32,0,6366,0,6261.63,0.0197587,0,2,0,0,0.05,0,1000,0.95873,0.145557,186.346,WAIT_DIE,0.00115631,0,0,0,1.14186,0,0.0161207,0.0074538,0,0,0.334444,0,0,false,0,0,0,0,0,0,32.5334,200.387,0.193463,0,0.0184897,0.0957515,0,1,0.061724,0.965738,0,0,0,1434,25.5906,0,2846.25,3633,0,0,0,0,2,13293,0,2770,0,1.57004,0,0,0,1445.36,ONE_PC,0,2646.96,0,0,0,0,0,0,0.939186,0.5,0.0143015,0,1,0,0,2162,6366,1.34204,0,0,2,0.808058,0.14999,0
0,3698,0.0748049,2019.29,0.00989668,0,0.00559332,0,0,5469.46,16,0.0228478,0,36,0,3698,0,3255.63,0.0102282,0,16,0,0,0.05,0,1000,1.00569,0.0847522,50.732,WAIT_DIE,0.00688454,0,0,0,1.61102,0,0.00809144,0.0040569,0,0,0.45125,0,0,false,0,0,0,0,0,0,40.8916,162.975,0.071116,0,0.0297016,0.158777,0,9,0.0358803,1.9023,0,0,0,843,29.3528,0,6908.33,2145,0,0,0,0,16,7929,0,1561,0,0.841106,0,0,0,1669.64,ONE_PC,0,3047.7,0,0,0,0,0,0,1.63848,0.5,0.00785924,0,7,0,0,1294,3698,2.24808,0,0,16,0.91113,0.14191,0
0,1925,0.127683,5531.67,0.0216641,0,0.00298494,0,0,10680.5,6,0.0665517,0,40,0,1925,0,1741.51,0.00532875,0,6,0,0,0.05,0,1000,41.0691,0.0552281,263.485,WAIT_DIE,0.00261766,0,0,0,1.57039,0,0.00436587,0.00237927,0,0,0.437684,0,0,false,0,0,0,0,0,0,44.2145,497.901,0.344435,0,0.0907201,0.173532,0,4,0.0186876,1.90182,0,0,0,410,31.9003,0,15988.4,1106,0,0,0,0,6,4283,0,817,0,1.60718,0,0,0,3109.66,ONE_PC,0,5196.99,0,0,0,0,0,0,1.52421,0.5,0.00403653,0,2,0,0,698,1925,65.8614,0,0,6,0.830623,0.152883,0
0,1002,0.211275,13620.5,0.0489994,0,0.00147246,0,0,24507.5,0,0.119558,0,48,0,1002,0,849.526,0.00260598,0,0,0,0,0.05,0,1000,1.1014,0.0241855,293.378,WAIT_DIE,0,0,0,0,1.29743,0,0.00204705,0.00107013,0,0,0.550013,0,0,false,0,0,0,0,0,0,56.6151,473.161,0.48679,0,0.158346,0.396618,0,0,0.00967786,3.3225,0,0,0,209,37.4923,0,35707.7,556,0,0,0,0,0,2184,0,449,0,1.81671,0,0,0,7115.8,ONE_PC,0,11990.5,0,0,0,0,0,0,2.30314,0.5,0.0019561,0,0,0,0,344,1002,0,0,0,0,0.914911,0.16125,0
0,934,0.292418,17234.6,0.0604377,0,0.00142096,0,0,29445.5,0,0.146976,0,56,0,934,0,792.246,0.00237638,0,0,0,0,0.05,0,1000,0.970652,0.033309,1024.39,WAIT_DIE,0,0,0,0,1.23034,0,0.00189435,0.000880581,0,0,0.628103,0,0,false,0,0,0,0,0,0,66.0199,1102.82,0.316683,0,0.18201,0.388146,0,0,0.00895972,3.79004,0,0,0,196,42.8759,0,43189,526,0,0,0,0,0,2097,0,396,0,2.34726,0,0,0,9860.17,ONE_PC,0,16863.4,0,0,0,0,0,0,2.5449,0.5,0.00160534,0,0,0,0,342,934,0,0,0,0,0.570658,0.136398,0
0,672,0.00898736,167.295,0.00298121,0,0.000972308,0,0,1743.85,0,0.00545651,0,2,0,672,0,669.221,0.00192571,0,0,0,0,0.05,0,1000,467.87,0.0133942,34.913,WAIT_DIE,0,0,0,0,2.257,0,0.00169191,0.000492443,0,0,0.14882,0,0,false,0,0,0,0,0,0,2.0083,106.539,0.0185944,0,0.00665281,0.0109653,0,0,0.00648092,0.0685066,0,0,0,152,1.56088,0,1279.14,370,0,0,0,0,0,1481,0,300,0,0.0870744,0,0,0,918.046,TWO_PC,0,1557.5,0,0,0,0,0,0,0.0663421,0.5,0.00177086,0,0,0,0,220,672,0,0,0,0,0.915473,0.0928914,0
0,1248,0.00885912,225.01,0.00320669,0,0.00186532,0,0,1832.7,0,0.006068,0,4,0,1248,0,1242.84,0.00309645,0,0,0,0,0.05,0,1000,505.763,0.0234762,109.011,WAIT_DIE,0,0,0,0,1.92599,0,0.0026865,0.000789181,0,0,0.204365,0,0,false,0,0,0,0,0,0,4.01661,185.036,0.0330216,0,0.00702153,0.00985091,0,0,0.0122192,0.106856,0,0,0,287,3.06252,0,1395.71,720,0,0,0,0,0,2821,0,537,0,0.266243,0,0,0,923.033,TWO_PC,0,1583.25,0,0,0,0,0,0,0.1311,0.5,0.0022166,0,0,0,0,424,1248,0,0,0,0,0.92832,0.104439,0
0,2285,0.00898474,252.583,0.00350561,0,0.00350182,0,0,1972.93,0,0.00651712,0,8,0,2285,0,2273.04,0.0107932,0,0,0,0,0.05,0,1000,584.68,0.0464458,47.4867,WAIT_DIE,0,0,0,0,1.87619,0,0.00999655,0.00213275,0,0,0.248318,0,0,false,0,0,0,0,0,0,8.04209,156.65,0.0507499,0,0.00741963,0.0135274,0,0,0.0222166,0.196356,0,0,0,529,6.22984,0,1541.15,1334,0,0,0,0,0,5230,0,948,0,0.430464,0,0,0,985.24,TWO_PC,0,1673.56,0,0,0,0,0,0,0.26687,0.5,0.00630654,0,0,0,0,808,2285,0,0,0,0,0.921024,0.154459,0
0,4124,0.00949523,239.024,0.0038868,0,0.00620097,0,0,2256.57,0,0.00738813,0,16,0,4124,0,4099.25,0.0119326,0,0,0,0,0.05,0,1000,652.517,0.0688179,43.7959,WAIT_DIE,0,0,0,0,1.80879,0,0.0102886,0.00323874,0,0,0.267425,0,0,false,0,0,0,0,0,0,16.0966,145.514,0.0764469,0,0.00802624,0.0118172,0,0,0.0397707,0.380008,0,0,0,940,12.6451,0,1682.48,2341,0,0,0,0,0,9282,0,1771,0,0.734044,0,0,0,1115.34,TWO_PC,0,1861.58,0,0,0,0,0,0,0.526492,0.5,0.0102754,0,0,0,0,1413,4124,0,0,0,0,0.904875,0.187435,0
0,5437,0.0354419,724.783,0.00589404,0,0.00808861,0,0,3035.3,9,0.00986727,0,32,0,5437,0,5336.75,0.0151383,0,9,0,0,0.05,0,1000,905.481,0.131772,47.3872,WAIT_DIE,0.00379262,0,0,0,1.59552,0,0.0125111,0.00610143,0,0,0.343746,0,0,false,0,0,0,0,0,0,32.6011,159.436,0.099225,0,0.019219,0.129751,0,4,0.0526038,1.07668,0,0,0,1210,25.6788,0,3045.72,3082,0,0,0,1,9,12268,0,2351,0,1.14957,0,0,0,1441.78,TWO_PC,0,2352.62,0,0,0.445962,1,0,0,0.929652,0.5,0.0118805,0,5,0,0,1876,5437,1.83921,0,0,9,0.781329,0.231962,0
0,1591,0.127634,5468.08,0.0230869,0,0.0024573,0,0,9939.52,0,0.0604422,0,36,0,1591,0,1439.38,0.00451292,0,0,0,0,0.05,0,1000,2709.12,0.0634474,62.6473,WAIT_DIE,0,0,0,0,1.47165,0,0.00355595,0.00174397,0,0,0.533207,0,0,false,0,0,0,0,0,0,39.7921,179.451,0.175018,0,0.0857844,0.173087,0,0,0.0154061,1.7019,0,0,0,346,29.6218,0,14459.3,924,0,0,0,0,0,3669,0,669,0,0.376311,0,0,0,3964.31,TWO_PC,0,6437.77,0,0,0,0,0,0,1.58852,0.5,0.00328971,0,0,0,0,576,1591,0,0,0,0,0.60342,0.247058,0
0,1850,0.156717,5438,0.0221648,0,0.00285481,0,0,9501.48,0,0.0638361,0,40,0,1850,0,1654.5,0.00569714,0,0,0,0,0.05,0,1000,2138.7,0.0577457,714.803,WAIT_DIE,0,0,0,0,1.27341,0,0.00459214,0.00217023,0,0,0.502491,0,0,false,0,0,0,0,0,0,44.7266,680.754,0.325143,0,0.100146,0.227412,0,0,0.0179523,1.90984,0,0,0,393,32.1553,0,14555,1069,0,0,0,0,0,4262,0,789,0,1.71182,0,0,0,3150.97,TWO_PC,0,5125.15,0,0,0,0,0,0,1.60062,0.5,0.00405406,0,0,0,0,668,1850,0,0,0,0,0.724857,0.236229,0
0,1969,0.155365,5880.81,0.0248401,0,0.00300746,0,0,10947.1,6,0.0653319,0,48,0,1969,0,1653.1,0.00534794,0,6,0,0,0.05,0,1000,2012.84,0.0567556,397.859,WAIT_DIE,0.00263658,0,0,0,1.47469,0,0.00437237,0.00224356,0,0,0.490837,0,0,false,0,0,0,0,0,0,57.1727,730.951,0.361577,0,0.0957618,0.243868,0,0,0.019029,3.32807,0,0,0,438,37.8987,0,16655.3,1140,0,0,0,1,6,4495,0,845,0,2.12753,0,0,0,3415.28,TWO_PC,0,5788.57,0,0,0.637272,1,0,0,2.43589,0.5,0.00433881,0,6,0,0,686,1969,24.9106,0,0,6,0.966186,0.255883,0
0,990,0.241324,15300.6,0.0571379,0,0.00146722,0,0,26415.2,0,0.137227,0,56,0,990,0,864.697,0.00253839,0,0,0,0,0.05,0,1000,4659.96,0.074357,340.268,WAIT_DIE,0,0,0,0,1.19959,0,0.00205831,0.00105079,0,0,0.586188,0,0,false,0,0,0,0,0,0,64.1149,990.849,0.512919,0,0.169841,0.329299,0,0,0.00944822,3.17469,0,0,0,212,43.038,0,36368,558,0,0,0,0,0,2231,0,442,0,2.66365,0,0,0,8336.96,TWO_PC,0,14149,0,0,0,0,0,0,2.3497,0.5,0.00192582,0,0,0,0,336,990,0,0,0,0,0.596664,0.240485,0
